--
-- PostgreSQL database dump
--

-- Dumped from database version 12.4
-- Dumped by pg_dump version 12.4

SET statement_timeout = 0;
SET lock_timeout = 0;
SET idle_in_transaction_session_timeout = 0;
SET client_encoding = 'UTF8';
SET standard_conforming_strings = on;
SELECT pg_catalog.set_config('search_path', '', false);
SET check_function_bodies = false;
SET xmloption = content;
SET client_min_messages = warning;
SET row_security = off;

--
-- Data for Name: company; Type: TABLE DATA; Schema: core; Owner: maint
--

INSERT INTO core.company VALUES ('71dafbc1-90b2-48a2-b2f4-3996fe0673e3', '2020-11-25 13:19:39.895286', '2020-11-25 13:19:39.895286', 'admin', 'admin', 'company', 'core', 0, true, 'ACME Corp', '');
INSERT INTO core.company VALUES ('be098751-6e87-44fd-9018-9c4ce4216f88', '2020-11-25 13:19:39.895286', '2020-11-25 13:19:39.895286', 'admin', 'admin', 'company', 'core', 0, true, 'Evil Corp', '');
INSERT INTO core.company VALUES ('725c91bf-dc27-4639-ab8f-1a26a0484b53', '2020-11-25 13:19:39.895286', '2020-11-25 13:19:39.895286', 'admin', 'admin', 'company', 'core', 0, true, 'Microsoft', '');
INSERT INTO core.company VALUES ('e3c3376c-cd44-41eb-90ad-05453a8c4fa9', '2020-11-25 13:19:39.895286', '2020-11-25 13:19:39.895286', 'admin', 'admin', 'company', 'core', 0, true, 'Apple', '');
INSERT INTO core.company VALUES ('552ad21d-5d46-4d3e-958d-12cc8d888b84', '2020-11-25 13:19:39.895286', '2020-11-25 13:19:39.895286', 'admin', 'admin', 'company', 'core', 0, true, 'Google', '');


--
-- Data for Name: department; Type: TABLE DATA; Schema: core; Owner: maint
--

INSERT INTO core.department VALUES ('56e157e1-f19a-4834-be5f-5c3ace68e4fd', '2020-11-25 13:19:39.905246', '2020-11-25 13:19:39.905246', 'admin', 'admin', 'department', 'core', 0, true, 'Information Technology', '', NULL, '71dafbc1-90b2-48a2-b2f4-3996fe0673e3');
INSERT INTO core.department VALUES ('4df1e9bd-74e6-4b37-af13-4f1ef4826f5f', '2020-11-25 13:19:39.905246', '2020-11-25 13:19:39.905246', 'admin', 'admin', 'department', 'core', 0, true, 'Finance', '', NULL, '71dafbc1-90b2-48a2-b2f4-3996fe0673e3');


--
-- Data for Name: user; Type: TABLE DATA; Schema: system; Owner: maint
--

INSERT INTO system."user" VALUES ('d9a2280e-2a2d-4f69-82fc-0b5102f98b94', '2020-11-25 13:19:38.921323', '2020-11-25 13:19:39.925489', 'maint', 'maint', 'user', 'system', 1, true, 'end.user', 'End', 'User', 'end.user@acme.com', 'End User', NULL, 'be098751-6e87-44fd-9018-9c4ce4216f88');
INSERT INTO system."user" VALUES ('8a9cb1ff-6a64-49bd-94fa-e88e2366111f', '2020-11-25 13:19:38.921323', '2020-11-25 13:19:39.925489', 'maint', 'maint', 'user', 'system', 1, true, 'itil.agent', 'Itil', 'Agent', 'itil.agent@acme.com', 'Itil Agent', '56e157e1-f19a-4834-be5f-5c3ace68e4fd', '71dafbc1-90b2-48a2-b2f4-3996fe0673e3');
INSERT INTO system."user" VALUES ('0a24d88e-d52a-41d0-ae7d-7f91aa93c524', '2020-11-25 13:19:38.921323', '2020-11-25 13:19:39.925489', 'maint', 'maint', 'user', 'system', 1, true, 'admin', 'System', 'Administrator', 'admin@acme.com', 'System Administrator', '56e157e1-f19a-4834-be5f-5c3ace68e4fd', '71dafbc1-90b2-48a2-b2f4-3996fe0673e3');


--
-- Data for Name: group; Type: TABLE DATA; Schema: system; Owner: maint
--

INSERT INTO system."group" VALUES ('d0eb7c1c-ec1c-4929-babe-662d842fb727', '2020-11-25 13:19:39.197531', '2020-11-25 13:19:39.197531', 'maint', 'maint', 'group', 'system', 0, true, 'Service Desk', NULL, NULL);
INSERT INTO system."group" VALUES ('1e11be62-49f4-476b-9cc8-2a0b4b5e2b9b', '2020-11-25 13:19:39.197531', '2020-11-25 13:19:39.197531', 'maint', 'maint', 'group', 'system', 0, true, 'OpenITSM Admins', NULL, NULL);
INSERT INTO system."group" VALUES ('5f77a241-e82d-4f0f-b36b-7e1a98efabed', '2020-11-25 13:19:39.197531', '2020-11-25 13:19:39.197531', 'maint', 'maint', 'group', 'system', 0, true, 'Server Support', NULL, NULL);


--
-- Data for Name: ci; Type: TABLE DATA; Schema: cmdb; Owner: maint
--

INSERT INTO cmdb.ci VALUES ('9a612562-538a-43ee-937e-fd8f6513f310', '2020-11-25 13:19:40.066793', '2020-11-25 13:19:40.066793', 'maint', 'maint', 'hw_computer', 'cmdb', 0, true, 'End Users PC', '', 'production', 'PC001', 'Windows 10', NULL, 'd0eb7c1c-ec1c-4929-babe-662d842fb727', 'd9a2280e-2a2d-4f69-82fc-0b5102f98b94', NULL, NULL);
INSERT INTO cmdb.ci VALUES ('734b6d88-01ed-47ac-b304-efb558e4fd0b', '2020-11-25 13:19:40.066793', '2020-11-25 13:19:40.066793', 'maint', 'maint', 'hw_computer', 'cmdb', 0, true, 'Linux Server', '', 'development', 'SERV001', 'Linux', NULL, '5f77a241-e82d-4f0f-b36b-7e1a98efabed', '8a9cb1ff-6a64-49bd-94fa-e88e2366111f', NULL, NULL);
INSERT INTO cmdb.ci VALUES ('9d679a39-04d2-4eb8-a120-f0286a81ffc3', '2020-11-25 13:19:40.066793', '2020-11-25 13:19:40.066793', 'maint', 'maint', 'hw_computer', 'cmdb', 0, true, 'Support Desktop', '', 'production', 'DESK001', 'Windows 10', NULL, 'd0eb7c1c-ec1c-4929-babe-662d842fb727', '8a9cb1ff-6a64-49bd-94fa-e88e2366111f', NULL, NULL);
INSERT INTO cmdb.ci VALUES ('c5d3e04b-d5c5-4905-8763-15cf4ac05a26', '2020-11-25 13:19:40.078711', '2020-11-25 13:19:40.078711', 'maint', 'maint', 'application', 'cmdb', 0, true, 'Google Chrome', '', 'production', '', NULL, NULL, 'd0eb7c1c-ec1c-4929-babe-662d842fb727', NULL, '552ad21d-5d46-4d3e-958d-12cc8d888b84', NULL);
INSERT INTO cmdb.ci VALUES ('30b9c386-4103-4dd9-81ec-292354f245f8', '2020-11-25 13:19:40.078711', '2020-11-25 13:19:40.078711', 'maint', 'maint', 'application', 'cmdb', 0, true, 'Slack', '', 'production', '', NULL, NULL, 'd0eb7c1c-ec1c-4929-babe-662d842fb727', NULL, NULL, NULL);
INSERT INTO cmdb.ci VALUES ('1ef56f81-89d2-437d-b91f-af1166552b50', '2020-11-25 13:19:40.078711', '2020-11-25 13:19:40.078711', 'maint', 'maint', 'application', 'cmdb', 0, true, 'Outlook', '', 'production', '', NULL, NULL, 'd0eb7c1c-ec1c-4929-babe-662d842fb727', NULL, '725c91bf-dc27-4639-ab8f-1a26a0484b53', NULL);


--
-- Data for Name: cost_centre; Type: TABLE DATA; Schema: core; Owner: maint
--

INSERT INTO core.cost_centre VALUES ('42ea3ba5-3f8d-485a-b11e-614cf6256088', '2020-11-25 13:19:39.912302', '2020-11-25 13:19:39.912302', 'admin', 'admin', 'cost_centre', 'core', 0, true, 'Software', '', '1001', NULL, '56e157e1-f19a-4834-be5f-5c3ace68e4fd');
INSERT INTO core.cost_centre VALUES ('1944458d-2a96-4d45-8d96-d07613c28af4', '2020-11-25 13:19:39.912302', '2020-11-25 13:19:39.912302', 'admin', 'admin', 'cost_centre', 'core', 0, true, 'Managed Services', '', '1002', NULL, '56e157e1-f19a-4834-be5f-5c3ace68e4fd');
INSERT INTO core.cost_centre VALUES ('7e409861-4b75-413a-be75-5db6330cf0ff', '2020-11-25 13:19:39.912302', '2020-11-25 13:19:39.912302', 'admin', 'admin', 'cost_centre', 'core', 0, true, 'Accounting', '', '1003', NULL, '4df1e9bd-74e6-4b37-af13-4f1ef4826f5f');


--
-- Data for Name: location; Type: TABLE DATA; Schema: core; Owner: maint
--



--
-- Data for Name: task; Type: TABLE DATA; Schema: core; Owner: maint
--



--
-- Data for Name: itsm_task; Type: TABLE DATA; Schema: itsm; Owner: maint
--

INSERT INTO itsm.itsm_task VALUES ('5fab214b-3ab0-49fb-91dc-7334eeeea4ac', '2020-11-25 13:19:40.292022', '2020-11-25 13:19:40.292022', 'maint', 'maint', 'incident', 'itsm', 0, true, 'Email is down', 'Email is down for all users at the head office', 2, NULL, NULL, '', '', '', '', '', 2, 2, '8a9cb1ff-6a64-49bd-94fa-e88e2366111f', NULL, 'd9a2280e-2a2d-4f69-82fc-0b5102f98b94', NULL, '1ef56f81-89d2-437d-b91f-af1166552b50', NULL, NULL);
INSERT INTO itsm.itsm_task VALUES ('66e25b39-f782-4daa-af1a-5d17749a0a2e', '2020-11-25 13:19:40.292022', '2020-11-25 13:19:40.292022', 'maint', 'maint', 'incident', 'itsm', 0, true, 'Dev server crashing', 'Whenever i start this thing it keeps crashing with errors', 4, NULL, NULL, '', '', '', '', '', 4, 4, '8a9cb1ff-6a64-49bd-94fa-e88e2366111f', NULL, 'd9a2280e-2a2d-4f69-82fc-0b5102f98b94', NULL, '734b6d88-01ed-47ac-b304-efb558e4fd0b', NULL, NULL);


--
-- Data for Name: sla_definition; Type: TABLE DATA; Schema: itsm; Owner: maint
--

INSERT INTO itsm.sla_definition VALUES ('98db2420-9d81-4e86-a000-eadb3666e1ff', '2020-11-25 13:19:40.102656', '2020-11-25 13:19:40.102656', 'maint', 'maint', 'sla_definition', 'itsm', 0, true, 'Incident 5 day');


--
-- Data for Name: task_sla; Type: TABLE DATA; Schema: itsm; Owner: maint
--



--
-- Data for Name: migrations; Type: TABLE DATA; Schema: public; Owner: maint
--

INSERT INTO public.migrations VALUES (1, 1606266732178, 'init1606266732178');


--
-- Data for Name: dictionary; Type: TABLE DATA; Schema: system; Owner: maint
--

INSERT INTO system.dictionary VALUES ('cd1953d0-f220-481c-ab19-8661c30e8af4', '2020-11-25 13:19:38.415813', '2020-11-25 13:19:38.415813', 'maint', 'maint', 'dictionary', 'system', 0, true, false, false, false, false, 'guid', 'GUID', 'dbo', 'uuid', NULL, 36, NULL);
INSERT INTO system.dictionary VALUES ('06ecd121-19da-4aa2-a761-d65e5db46471', '2020-11-25 13:19:38.419624', '2020-11-25 13:19:38.419624', 'maint', 'maint', 'dictionary', 'system', 0, true, false, false, false, false, 'guid', 'GUID', 'user', 'uuid', NULL, 36, NULL);
INSERT INTO system.dictionary VALUES ('cb656632-d661-478e-bec1-22386e9b73f0', '2020-11-25 13:19:38.415813', '2020-11-25 13:19:38.415813', 'maint', 'maint', 'dictionary', 'system', 0, true, false, true, false, false, 'created_by', 'Created By', 'dbo', 'text', NULL, 80, NULL);
INSERT INTO system.dictionary VALUES ('fb153aa1-ba91-4ff7-8817-77371dd19e4f', '2020-11-25 13:19:38.419624', '2020-11-25 13:19:38.419624', 'maint', 'maint', 'dictionary', 'system', 0, true, false, true, false, false, 'created_by', 'Created By', 'user', 'text', NULL, 80, NULL);
INSERT INTO system.dictionary VALUES ('c557a5a4-ea2d-40ab-bb41-9b489776b75b', '2020-11-25 13:19:38.415813', '2020-11-25 13:19:38.415813', 'maint', 'maint', 'dictionary', 'system', 0, true, false, false, false, false, 'updated_by', 'Updated By', 'dbo', 'text', NULL, 80, NULL);
INSERT INTO system.dictionary VALUES ('e0925a4b-33b5-4d6e-a6d7-bfe00e50c196', '2020-11-25 13:19:38.419624', '2020-11-25 13:19:38.419624', 'maint', 'maint', 'dictionary', 'system', 0, true, false, false, false, false, 'updated_by', 'Updated By', 'user', 'text', NULL, 80, NULL);
INSERT INTO system.dictionary VALUES ('64d7324b-4b64-41bc-886b-52ae80f7ca1a', '2020-11-25 13:19:38.415813', '2020-11-25 13:19:38.415813', 'maint', 'maint', 'dictionary', 'system', 0, true, false, true, false, false, 'created', 'Created', 'dbo', 'timestamp', NULL, 80, NULL);
INSERT INTO system.dictionary VALUES ('71bac790-6e74-4844-ac38-317c7777cb3b', '2020-11-25 13:19:38.419624', '2020-11-25 13:19:38.419624', 'maint', 'maint', 'dictionary', 'system', 0, true, false, true, false, false, 'created', 'Created', 'user', 'timestamp', NULL, 80, NULL);
INSERT INTO system.dictionary VALUES ('7c3dd619-53af-4284-810c-9cd953bbfcd6', '2020-11-25 13:19:38.415813', '2020-11-25 13:19:38.415813', 'maint', 'maint', 'dictionary', 'system', 0, true, false, false, false, false, 'updated', 'Updated', 'dbo', 'timestamp', NULL, 80, NULL);
INSERT INTO system.dictionary VALUES ('49826663-c9cd-41da-af33-7c40c21f9eaf', '2020-11-25 13:19:38.419624', '2020-11-25 13:19:38.419624', 'maint', 'maint', 'dictionary', 'system', 0, true, false, false, false, false, 'updated', 'Updated', 'user', 'timestamp', NULL, 80, NULL);
INSERT INTO system.dictionary VALUES ('76d324fb-0c99-4c7c-870a-e544c1732a77', '2020-11-25 13:19:38.415813', '2020-11-25 13:19:38.415813', 'maint', 'maint', 'dictionary', 'system', 0, true, false, false, false, false, 'class_name', 'Class Name', 'dbo', 'text', NULL, 80, NULL);
INSERT INTO system.dictionary VALUES ('015a3e26-1cb2-430e-b0ab-7a0119463624', '2020-11-25 13:19:38.419624', '2020-11-25 13:19:38.419624', 'maint', 'maint', 'dictionary', 'system', 0, true, false, false, false, false, 'class_name', 'Class Name', 'user', 'text', NULL, 80, NULL);
INSERT INTO system.dictionary VALUES ('ee24ae45-6c4e-462c-b5ec-99302b76be35', '2020-11-25 13:19:38.415813', '2020-11-25 13:19:38.415813', 'maint', 'maint', 'dictionary', 'system', 0, true, false, false, false, false, 'update_count', 'Update count', 'dbo', 'int', NULL, 32, NULL);
INSERT INTO system.dictionary VALUES ('c9e38896-5837-478c-9854-48bba499b53c', '2020-11-25 13:19:38.419624', '2020-11-25 13:19:38.419624', 'maint', 'maint', 'dictionary', 'system', 0, true, false, false, false, false, 'update_count', 'Update count', 'user', 'int', NULL, 32, NULL);
INSERT INTO system.dictionary VALUES ('8f9bdfd6-14df-4449-b7c0-c0cbac8ff3f3', '2020-11-25 13:19:38.415813', '2020-11-25 13:19:38.415813', 'maint', 'maint', 'dictionary', 'system', 0, true, false, false, false, false, 'scope', 'Scope', 'dbo', 'text', NULL, 400, NULL);
INSERT INTO system.dictionary VALUES ('98f3ae7d-81b8-4fcc-bb27-621635b42bcf', '2020-11-25 13:19:38.419624', '2020-11-25 13:19:38.419624', 'maint', 'maint', 'dictionary', 'system', 0, true, false, false, false, false, 'scope', 'Scope', 'user', 'text', NULL, 400, NULL);
INSERT INTO system.dictionary VALUES ('0fffb31e-5673-4cf1-bf4e-d0363665813c', '2020-11-25 13:19:38.438859', '2020-11-25 13:19:38.438859', 'maint', 'maint', 'dictionary', 'system', 0, true, false, false, false, false, 'guid', 'GUID', 'dictionary', 'uuid', NULL, 36, NULL);
INSERT INTO system.dictionary VALUES ('948313e3-3fb4-4cfa-a0a3-ae331e576b06', '2020-11-25 13:19:38.438859', '2020-11-25 13:19:38.438859', 'maint', 'maint', 'dictionary', 'system', 0, true, false, true, false, false, 'created_by', 'Created By', 'dictionary', 'text', NULL, 80, NULL);
INSERT INTO system.dictionary VALUES ('42b83f1d-ba33-4a01-a8f9-b24d18c1c966', '2020-11-25 13:19:38.438859', '2020-11-25 13:19:38.438859', 'maint', 'maint', 'dictionary', 'system', 0, true, false, false, false, false, 'updated_by', 'Updated By', 'dictionary', 'text', NULL, 80, NULL);
INSERT INTO system.dictionary VALUES ('cf2702e6-5516-4b16-9f67-fc21dcb06d1b', '2020-11-25 13:19:38.438859', '2020-11-25 13:19:38.438859', 'maint', 'maint', 'dictionary', 'system', 0, true, false, true, false, false, 'created', 'Created', 'dictionary', 'timestamp', NULL, 80, NULL);
INSERT INTO system.dictionary VALUES ('96572c86-ce5c-4793-aafe-0af78be8a472', '2020-11-25 13:19:38.438859', '2020-11-25 13:19:38.438859', 'maint', 'maint', 'dictionary', 'system', 0, true, false, false, false, false, 'updated', 'Updated', 'dictionary', 'timestamp', NULL, 80, NULL);
INSERT INTO system.dictionary VALUES ('c75e5d43-9639-4c8b-965d-810eeeaf85e0', '2020-11-25 13:19:38.438859', '2020-11-25 13:19:38.438859', 'maint', 'maint', 'dictionary', 'system', 0, true, false, false, false, false, 'class_name', 'Class Name', 'dictionary', 'text', NULL, 80, NULL);
INSERT INTO system.dictionary VALUES ('2e660824-939b-43e8-b0f9-dc0217179204', '2020-11-25 13:19:38.438859', '2020-11-25 13:19:38.438859', 'maint', 'maint', 'dictionary', 'system', 0, true, false, false, false, false, 'update_count', 'Update count', 'dictionary', 'int', NULL, 32, NULL);
INSERT INTO system.dictionary VALUES ('2c8d0481-d753-4b54-ad3c-9fe4c6189257', '2020-11-25 13:19:38.438859', '2020-11-25 13:19:38.438859', 'maint', 'maint', 'dictionary', 'system', 0, true, false, false, false, false, 'scope', 'Scope', 'dictionary', 'text', NULL, 400, NULL);
INSERT INTO system.dictionary VALUES ('7cbe698b-6f76-407c-b040-05278b81db8f', '2020-11-25 13:19:38.476862', '2020-11-25 13:19:38.476862', 'maint', 'maint', 'dictionary', 'system', 0, true, false, false, false, false, 'guid', 'GUID', 'acl', 'uuid', NULL, 36, NULL);
INSERT INTO system.dictionary VALUES ('bdd3c421-24a5-4782-826a-91854cbbbc91', '2020-11-25 13:19:38.476862', '2020-11-25 13:19:38.476862', 'maint', 'maint', 'dictionary', 'system', 0, true, false, true, false, false, 'created_by', 'Created By', 'acl', 'text', NULL, 80, NULL);
INSERT INTO system.dictionary VALUES ('4a8a0145-c717-4b7b-a429-9c54a8bdee91', '2020-11-25 13:19:38.476862', '2020-11-25 13:19:38.476862', 'maint', 'maint', 'dictionary', 'system', 0, true, false, false, false, false, 'updated_by', 'Updated By', 'acl', 'text', NULL, 80, NULL);
INSERT INTO system.dictionary VALUES ('13ca7a34-344f-4c38-af98-927938db5b8e', '2020-11-25 13:19:38.476862', '2020-11-25 13:19:38.476862', 'maint', 'maint', 'dictionary', 'system', 0, true, false, true, false, false, 'created', 'Created', 'acl', 'timestamp', NULL, 80, NULL);
INSERT INTO system.dictionary VALUES ('9c45d97f-b59b-46b0-8588-111932bbff70', '2020-11-25 13:19:38.476862', '2020-11-25 13:19:38.476862', 'maint', 'maint', 'dictionary', 'system', 0, true, false, false, false, false, 'updated', 'Updated', 'acl', 'timestamp', NULL, 80, NULL);
INSERT INTO system.dictionary VALUES ('7294bb28-20a1-40ae-ad31-eace9bcf8c65', '2020-11-25 13:19:38.476862', '2020-11-25 13:19:38.476862', 'maint', 'maint', 'dictionary', 'system', 0, true, false, false, false, false, 'class_name', 'Class Name', 'acl', 'text', NULL, 80, NULL);
INSERT INTO system.dictionary VALUES ('8283d8d3-4f01-4421-ad79-b2fcfff9e9d7', '2020-11-25 13:19:38.476862', '2020-11-25 13:19:38.476862', 'maint', 'maint', 'dictionary', 'system', 0, true, false, false, false, false, 'update_count', 'Update count', 'acl', 'int', NULL, 32, NULL);
INSERT INTO system.dictionary VALUES ('c1aa291b-5872-4c81-8b59-a525b7911af8', '2020-11-25 13:19:38.476862', '2020-11-25 13:19:38.476862', 'maint', 'maint', 'dictionary', 'system', 0, true, false, false, false, false, 'scope', 'Scope', 'acl', 'text', NULL, 400, NULL);
INSERT INTO system.dictionary VALUES ('7572c513-e6c8-4238-a8d2-80237f5774c6', '2020-11-25 13:19:38.486927', '2020-11-25 13:19:38.486927', 'maint', 'maint', 'dictionary', 'system', 0, true, false, false, false, false, 'guid', 'GUID', 'field_label', 'uuid', NULL, 36, NULL);
INSERT INTO system.dictionary VALUES ('226cad23-4d3a-4b84-844c-2391510f0514', '2020-11-25 13:19:38.486927', '2020-11-25 13:19:38.486927', 'maint', 'maint', 'dictionary', 'system', 0, true, false, true, false, false, 'created_by', 'Created By', 'field_label', 'text', NULL, 80, NULL);
INSERT INTO system.dictionary VALUES ('061656d2-3ba0-47f1-8940-0a13659a450f', '2020-11-25 13:19:38.486927', '2020-11-25 13:19:38.486927', 'maint', 'maint', 'dictionary', 'system', 0, true, false, false, false, false, 'updated_by', 'Updated By', 'field_label', 'text', NULL, 80, NULL);
INSERT INTO system.dictionary VALUES ('a1cd8c95-5daf-48eb-8cdd-dc9d8b319004', '2020-11-25 13:19:38.486927', '2020-11-25 13:19:38.486927', 'maint', 'maint', 'dictionary', 'system', 0, true, false, true, false, false, 'created', 'Created', 'field_label', 'timestamp', NULL, 80, NULL);
INSERT INTO system.dictionary VALUES ('c9f3b240-2ce3-4604-a0e3-3246a60452bb', '2020-11-25 13:19:38.486927', '2020-11-25 13:19:38.486927', 'maint', 'maint', 'dictionary', 'system', 0, true, false, false, false, false, 'updated', 'Updated', 'field_label', 'timestamp', NULL, 80, NULL);
INSERT INTO system.dictionary VALUES ('eb1a0d4f-7f86-48a9-a7ae-eda8fe9d7f40', '2020-11-25 13:19:38.486927', '2020-11-25 13:19:38.486927', 'maint', 'maint', 'dictionary', 'system', 0, true, false, false, false, false, 'class_name', 'Class Name', 'field_label', 'text', NULL, 80, NULL);
INSERT INTO system.dictionary VALUES ('918d0ca9-3d28-410e-b2dd-dc6ef982f806', '2020-11-25 13:19:38.486927', '2020-11-25 13:19:38.486927', 'maint', 'maint', 'dictionary', 'system', 0, true, false, false, false, false, 'update_count', 'Update count', 'field_label', 'int', NULL, 32, NULL);
INSERT INTO system.dictionary VALUES ('3eb50dd9-9b40-401c-bfaf-574cdb0c2b4a', '2020-11-25 13:19:38.486927', '2020-11-25 13:19:38.486927', 'maint', 'maint', 'dictionary', 'system', 0, true, false, false, false, false, 'scope', 'Scope', 'field_label', 'text', NULL, 400, NULL);
INSERT INTO system.dictionary VALUES ('496e11a1-ea78-40db-9569-e067c22055df', '2020-11-25 13:19:38.482977', '2020-11-25 13:19:38.482977', 'maint', 'maint', 'dictionary', 'system', 0, true, false, false, false, false, 'guid', 'GUID', 'acl_requires_role', 'uuid', NULL, 36, NULL);
INSERT INTO system.dictionary VALUES ('145d3c49-f88f-43dc-aa06-64734f10a32f', '2020-11-25 13:19:38.482977', '2020-11-25 13:19:38.482977', 'maint', 'maint', 'dictionary', 'system', 0, true, false, true, false, false, 'created_by', 'Created By', 'acl_requires_role', 'text', NULL, 80, NULL);
INSERT INTO system.dictionary VALUES ('0c0dda4a-ab9e-4709-928b-3dce9e8cc99d', '2020-11-25 13:19:38.482977', '2020-11-25 13:19:38.482977', 'maint', 'maint', 'dictionary', 'system', 0, true, false, false, false, false, 'updated_by', 'Updated By', 'acl_requires_role', 'text', NULL, 80, NULL);
INSERT INTO system.dictionary VALUES ('508a1c16-54e2-4ff5-940e-3b6e7bf4ef55', '2020-11-25 13:19:38.482977', '2020-11-25 13:19:38.482977', 'maint', 'maint', 'dictionary', 'system', 0, true, false, true, false, false, 'created', 'Created', 'acl_requires_role', 'timestamp', NULL, 80, NULL);
INSERT INTO system.dictionary VALUES ('11a8ed22-a916-40ff-a989-eccd91d9b320', '2020-11-25 13:19:38.482977', '2020-11-25 13:19:38.482977', 'maint', 'maint', 'dictionary', 'system', 0, true, false, false, false, false, 'updated', 'Updated', 'acl_requires_role', 'timestamp', NULL, 80, NULL);
INSERT INTO system.dictionary VALUES ('486640ad-834a-4bf1-b3f5-b5e0dc1af1d0', '2020-11-25 13:19:38.482977', '2020-11-25 13:19:38.482977', 'maint', 'maint', 'dictionary', 'system', 0, true, false, false, false, false, 'class_name', 'Class Name', 'acl_requires_role', 'text', NULL, 80, NULL);
INSERT INTO system.dictionary VALUES ('3d68638a-be77-4c02-8490-0afcc079c59b', '2020-11-25 13:19:38.482977', '2020-11-25 13:19:38.482977', 'maint', 'maint', 'dictionary', 'system', 0, true, false, false, false, false, 'update_count', 'Update count', 'acl_requires_role', 'int', NULL, 32, NULL);
INSERT INTO system.dictionary VALUES ('1c804488-e550-49ef-b7ad-a210a1739989', '2020-11-25 13:19:38.482977', '2020-11-25 13:19:38.482977', 'maint', 'maint', 'dictionary', 'system', 0, true, false, false, false, false, 'scope', 'Scope', 'acl_requires_role', 'text', NULL, 400, NULL);
INSERT INTO system.dictionary VALUES ('08931afa-a715-4984-abbd-5bfdac20d19c', '2020-11-25 13:19:38.498542', '2020-11-25 13:19:38.498542', 'maint', 'maint', 'dictionary', 'system', 0, true, false, false, false, false, 'guid', 'GUID', 'group', 'uuid', NULL, 36, NULL);
INSERT INTO system.dictionary VALUES ('e118dd16-37ca-4eb1-9d98-69af5368f95d', '2020-11-25 13:19:38.498542', '2020-11-25 13:19:38.498542', 'maint', 'maint', 'dictionary', 'system', 0, true, false, true, false, false, 'created_by', 'Created By', 'group', 'text', NULL, 80, NULL);
INSERT INTO system.dictionary VALUES ('0499dec9-7fe4-484d-8fe5-990a691f5e89', '2020-11-25 13:19:38.498542', '2020-11-25 13:19:38.498542', 'maint', 'maint', 'dictionary', 'system', 0, true, false, false, false, false, 'updated_by', 'Updated By', 'group', 'text', NULL, 80, NULL);
INSERT INTO system.dictionary VALUES ('9ffbb3bb-0854-416d-b3e2-f70c8d5a8b8f', '2020-11-25 13:19:38.498542', '2020-11-25 13:19:38.498542', 'maint', 'maint', 'dictionary', 'system', 0, true, false, true, false, false, 'created', 'Created', 'group', 'timestamp', NULL, 80, NULL);
INSERT INTO system.dictionary VALUES ('56e7711f-9af3-4b44-8482-b5882d5343d9', '2020-11-25 13:19:38.498542', '2020-11-25 13:19:38.498542', 'maint', 'maint', 'dictionary', 'system', 0, true, false, false, false, false, 'updated', 'Updated', 'group', 'timestamp', NULL, 80, NULL);
INSERT INTO system.dictionary VALUES ('ecf721b7-493d-400c-a182-22afb62cf470', '2020-11-25 13:19:38.498542', '2020-11-25 13:19:38.498542', 'maint', 'maint', 'dictionary', 'system', 0, true, false, false, false, false, 'class_name', 'Class Name', 'group', 'text', NULL, 80, NULL);
INSERT INTO system.dictionary VALUES ('dbc9a789-29f0-4f4a-8db6-6643822cd917', '2020-11-25 13:19:38.498542', '2020-11-25 13:19:38.498542', 'maint', 'maint', 'dictionary', 'system', 0, true, false, false, false, false, 'update_count', 'Update count', 'group', 'int', NULL, 32, NULL);
INSERT INTO system.dictionary VALUES ('6cf8adf1-3c84-4fa0-8ea7-e369e055e4f9', '2020-11-25 13:19:38.498842', '2020-11-25 13:19:38.498842', 'maint', 'maint', 'dictionary', 'system', 0, true, false, false, false, false, 'guid', 'GUID', 'group_membership', 'uuid', NULL, 36, NULL);
INSERT INTO system.dictionary VALUES ('d8023c58-9205-4258-b4b0-602bfce03dcd', '2020-11-25 13:19:38.498542', '2020-11-25 13:19:38.498542', 'maint', 'maint', 'dictionary', 'system', 0, true, false, false, false, false, 'scope', 'Scope', 'group', 'text', NULL, 400, NULL);
INSERT INTO system.dictionary VALUES ('a2d29457-c504-485d-91ee-967ce1fb3550', '2020-11-25 13:19:38.498842', '2020-11-25 13:19:38.498842', 'maint', 'maint', 'dictionary', 'system', 0, true, false, true, false, false, 'created_by', 'Created By', 'group_membership', 'text', NULL, 80, NULL);
INSERT INTO system.dictionary VALUES ('feff252d-371f-4d3b-b3e1-32c9a6e0b89e', '2020-11-25 13:19:38.498842', '2020-11-25 13:19:38.498842', 'maint', 'maint', 'dictionary', 'system', 0, true, false, false, false, false, 'updated_by', 'Updated By', 'group_membership', 'text', NULL, 80, NULL);
INSERT INTO system.dictionary VALUES ('3dce1d6b-8db6-46ad-b7cd-a7db14392eed', '2020-11-25 13:19:38.498842', '2020-11-25 13:19:38.498842', 'maint', 'maint', 'dictionary', 'system', 0, true, false, true, false, false, 'created', 'Created', 'group_membership', 'timestamp', NULL, 80, NULL);
INSERT INTO system.dictionary VALUES ('64adb93c-5b9b-4314-8af3-0ba6f7565622', '2020-11-25 13:19:38.498842', '2020-11-25 13:19:38.498842', 'maint', 'maint', 'dictionary', 'system', 0, true, false, false, false, false, 'updated', 'Updated', 'group_membership', 'timestamp', NULL, 80, NULL);
INSERT INTO system.dictionary VALUES ('aec12a87-4392-486c-b23f-a2616c269795', '2020-11-25 13:19:38.498842', '2020-11-25 13:19:38.498842', 'maint', 'maint', 'dictionary', 'system', 0, true, false, false, false, false, 'class_name', 'Class Name', 'group_membership', 'text', NULL, 80, NULL);
INSERT INTO system.dictionary VALUES ('5bbca9ab-f1f6-4f7c-8948-9c402a41d5a8', '2020-11-25 13:19:38.498842', '2020-11-25 13:19:38.498842', 'maint', 'maint', 'dictionary', 'system', 0, true, false, false, false, false, 'update_count', 'Update count', 'group_membership', 'int', NULL, 32, NULL);
INSERT INTO system.dictionary VALUES ('c32133ac-a05e-4000-95eb-809db04379b4', '2020-11-25 13:19:38.498842', '2020-11-25 13:19:38.498842', 'maint', 'maint', 'dictionary', 'system', 0, true, false, false, false, false, 'scope', 'Scope', 'group_membership', 'text', NULL, 400, NULL);
INSERT INTO system.dictionary VALUES ('f69ad045-460d-4b3a-bcb1-a256364b69f4', '2020-11-25 13:19:38.501378', '2020-11-25 13:19:38.501378', 'maint', 'maint', 'dictionary', 'system', 0, true, false, false, false, false, 'guid', 'GUID', 'server_script', 'uuid', NULL, 36, NULL);
INSERT INTO system.dictionary VALUES ('e5bf7761-97af-41e9-b1b0-91eb1ffab518', '2020-11-25 13:19:38.501378', '2020-11-25 13:19:38.501378', 'maint', 'maint', 'dictionary', 'system', 0, true, false, true, false, false, 'created_by', 'Created By', 'server_script', 'text', NULL, 80, NULL);
INSERT INTO system.dictionary VALUES ('a8770152-c190-487c-a95b-f2673efc0e4b', '2020-11-25 13:19:38.501378', '2020-11-25 13:19:38.501378', 'maint', 'maint', 'dictionary', 'system', 0, true, false, false, false, false, 'updated_by', 'Updated By', 'server_script', 'text', NULL, 80, NULL);
INSERT INTO system.dictionary VALUES ('26d4e5b2-e9b3-4277-8a48-bf6ee2d9ef14', '2020-11-25 13:19:38.501378', '2020-11-25 13:19:38.501378', 'maint', 'maint', 'dictionary', 'system', 0, true, false, true, false, false, 'created', 'Created', 'server_script', 'timestamp', NULL, 80, NULL);
INSERT INTO system.dictionary VALUES ('a4a50bfc-96f2-46d2-8aa8-ec9a6f773c83', '2020-11-25 13:19:38.501378', '2020-11-25 13:19:38.501378', 'maint', 'maint', 'dictionary', 'system', 0, true, false, false, false, false, 'updated', 'Updated', 'server_script', 'timestamp', NULL, 80, NULL);
INSERT INTO system.dictionary VALUES ('a584c77d-8216-4058-94c0-43b9c6dd81ff', '2020-11-25 13:19:38.500515', '2020-11-25 13:19:38.500515', 'maint', 'maint', 'dictionary', 'system', 0, true, false, false, false, false, 'guid', 'GUID', 'ui_action', 'uuid', NULL, 36, NULL);
INSERT INTO system.dictionary VALUES ('d89cd8b7-4636-43e1-86a3-a31bfc914fc9', '2020-11-25 13:19:38.501378', '2020-11-25 13:19:38.501378', 'maint', 'maint', 'dictionary', 'system', 0, true, false, false, false, false, 'class_name', 'Class Name', 'server_script', 'text', NULL, 80, NULL);
INSERT INTO system.dictionary VALUES ('91907fc0-fa16-4d10-a84d-5ed3da94b709', '2020-11-25 13:19:38.500515', '2020-11-25 13:19:38.500515', 'maint', 'maint', 'dictionary', 'system', 0, true, false, true, false, false, 'created_by', 'Created By', 'ui_action', 'text', NULL, 80, NULL);
INSERT INTO system.dictionary VALUES ('53ce4495-640b-4724-90f0-ff3c9ba62a1e', '2020-11-25 13:19:38.501378', '2020-11-25 13:19:38.501378', 'maint', 'maint', 'dictionary', 'system', 0, true, false, false, false, false, 'update_count', 'Update count', 'server_script', 'int', NULL, 32, NULL);
INSERT INTO system.dictionary VALUES ('fa538689-9ab4-47cd-94ee-ba323c6a6d15', '2020-11-25 13:19:38.500515', '2020-11-25 13:19:38.500515', 'maint', 'maint', 'dictionary', 'system', 0, true, false, false, false, false, 'updated_by', 'Updated By', 'ui_action', 'text', NULL, 80, NULL);
INSERT INTO system.dictionary VALUES ('435c9591-9f14-433e-b925-3bdbb7b75684', '2020-11-25 13:19:38.501378', '2020-11-25 13:19:38.501378', 'maint', 'maint', 'dictionary', 'system', 0, true, false, false, false, false, 'scope', 'Scope', 'server_script', 'text', NULL, 400, NULL);
INSERT INTO system.dictionary VALUES ('d54da982-704a-40ee-bebb-65765425e05b', '2020-11-25 13:19:38.500515', '2020-11-25 13:19:38.500515', 'maint', 'maint', 'dictionary', 'system', 0, true, false, true, false, false, 'created', 'Created', 'ui_action', 'timestamp', NULL, 80, NULL);
INSERT INTO system.dictionary VALUES ('f618c27c-11bb-4c42-a350-346b5ec82c3a', '2020-11-25 13:19:38.500515', '2020-11-25 13:19:38.500515', 'maint', 'maint', 'dictionary', 'system', 0, true, false, false, false, false, 'updated', 'Updated', 'ui_action', 'timestamp', NULL, 80, NULL);
INSERT INTO system.dictionary VALUES ('55370730-fb06-4fc3-be67-15e4f0017d45', '2020-11-25 13:19:38.500515', '2020-11-25 13:19:38.500515', 'maint', 'maint', 'dictionary', 'system', 0, true, false, false, false, false, 'class_name', 'Class Name', 'ui_action', 'text', NULL, 80, NULL);
INSERT INTO system.dictionary VALUES ('7ce8971a-56b0-4df8-8ab5-5ea640aa8dee', '2020-11-25 13:19:38.500515', '2020-11-25 13:19:38.500515', 'maint', 'maint', 'dictionary', 'system', 0, true, false, false, false, false, 'update_count', 'Update count', 'ui_action', 'int', NULL, 32, NULL);
INSERT INTO system.dictionary VALUES ('67681de1-6641-4c39-a142-fe70b32b99c8', '2020-11-25 13:19:38.500515', '2020-11-25 13:19:38.500515', 'maint', 'maint', 'dictionary', 'system', 0, true, false, false, false, false, 'scope', 'Scope', 'ui_action', 'text', NULL, 400, NULL);
INSERT INTO system.dictionary VALUES ('941c52c0-beac-495e-8e0e-55b46d504041', '2020-11-25 13:19:38.500896', '2020-11-25 13:19:38.500896', 'maint', 'maint', 'dictionary', 'system', 0, true, false, false, false, false, 'guid', 'GUID', 'ui_action_requires_role', 'uuid', NULL, 36, NULL);
INSERT INTO system.dictionary VALUES ('a16ad649-975b-424f-b637-32af293d8387', '2020-11-25 13:19:38.500896', '2020-11-25 13:19:38.500896', 'maint', 'maint', 'dictionary', 'system', 0, true, false, true, false, false, 'created_by', 'Created By', 'ui_action_requires_role', 'text', NULL, 80, NULL);
INSERT INTO system.dictionary VALUES ('f9dbe423-ec45-4630-8577-a6c76c6e743a', '2020-11-25 13:19:38.500896', '2020-11-25 13:19:38.500896', 'maint', 'maint', 'dictionary', 'system', 0, true, false, false, false, false, 'updated_by', 'Updated By', 'ui_action_requires_role', 'text', NULL, 80, NULL);
INSERT INTO system.dictionary VALUES ('c2e2dc0d-b07f-4e39-9159-e48ec0bae10b', '2020-11-25 13:19:38.500896', '2020-11-25 13:19:38.500896', 'maint', 'maint', 'dictionary', 'system', 0, true, false, true, false, false, 'created', 'Created', 'ui_action_requires_role', 'timestamp', NULL, 80, NULL);
INSERT INTO system.dictionary VALUES ('5de7cbdb-eb25-47ee-a2ee-f34d54e130b3', '2020-11-25 13:19:38.500896', '2020-11-25 13:19:38.500896', 'maint', 'maint', 'dictionary', 'system', 0, true, false, false, false, false, 'updated', 'Updated', 'ui_action_requires_role', 'timestamp', NULL, 80, NULL);
INSERT INTO system.dictionary VALUES ('b3162bbb-db6c-48f0-bf98-d0d955de4bab', '2020-11-25 13:19:38.500896', '2020-11-25 13:19:38.500896', 'maint', 'maint', 'dictionary', 'system', 0, true, false, false, false, false, 'class_name', 'Class Name', 'ui_action_requires_role', 'text', NULL, 80, NULL);
INSERT INTO system.dictionary VALUES ('44f644a0-7ef9-44e4-8b1a-dc026b336eb3', '2020-11-25 13:19:38.500896', '2020-11-25 13:19:38.500896', 'maint', 'maint', 'dictionary', 'system', 0, true, false, false, false, false, 'update_count', 'Update count', 'ui_action_requires_role', 'int', NULL, 32, NULL);
INSERT INTO system.dictionary VALUES ('975a6a7e-a3f6-4e57-a9e0-dd80534edf71', '2020-11-25 13:19:38.500896', '2020-11-25 13:19:38.500896', 'maint', 'maint', 'dictionary', 'system', 0, true, false, false, false, false, 'scope', 'Scope', 'ui_action_requires_role', 'text', NULL, 400, NULL);
INSERT INTO system.dictionary VALUES ('ad3ec04f-5299-4421-8a0d-52b6b3713ddf', '2020-11-25 13:19:39.274316', '2020-11-25 13:19:39.274316', 'maint', 'maint', 'dictionary', 'system', 0, true, false, false, true, false, 'name', 'Name', 'dbo', 'text', NULL, 255, NULL);
INSERT INTO system.dictionary VALUES ('ad75c564-e004-41df-b9d1-fe5972fe24ce', '2020-11-25 13:19:39.27517', '2020-11-25 13:19:39.27517', 'maint', 'maint', 'dictionary', 'system', 0, true, false, false, false, false, 'extends', 'Extends', 'dbo', 'text', NULL, 255, NULL);
INSERT INTO system.dictionary VALUES ('b106a509-e431-492f-99bf-59dfc3afc725', '2020-11-25 13:19:39.275296', '2020-11-25 13:19:39.275296', 'maint', 'maint', 'dictionary', 'system', 0, true, false, false, true, false, 'autonumber', 'Autonumber', 'dbo', 'boolean', NULL, 255, NULL);
INSERT INTO system.dictionary VALUES ('0cf09372-33aa-496d-89e3-04498e0296f5', '2020-11-25 13:19:39.275354', '2020-11-25 13:19:39.275354', 'maint', 'maint', 'dictionary', 'system', 0, true, false, false, false, false, 'number_prefix', 'Number prefix', 'dbo', 'text', NULL, 255, NULL);
INSERT INTO system.dictionary VALUES ('846e61ce-d6e0-452f-97c7-18424a131937', '2020-11-25 13:19:39.277886', '2020-11-25 13:19:39.277886', 'maint', 'maint', 'dictionary', 'system', 0, true, false, false, true, false, 'active', 'Active', 'user', 'boolean', NULL, 255, NULL);
INSERT INTO system.dictionary VALUES ('e02411fb-dd06-483f-8f4f-a96a74732000', '2020-11-25 13:19:39.300415', '2020-11-25 13:19:39.300415', 'maint', 'maint', 'dictionary', 'system', 0, true, false, false, true, false, 'first_name', 'First name', 'user', 'text', NULL, 255, NULL);
INSERT INTO system.dictionary VALUES ('6be6017d-96ea-4f56-9c50-a2b3f777ec6a', '2020-11-25 13:19:39.300642', '2020-11-25 13:19:39.300642', 'maint', 'maint', 'dictionary', 'system', 0, true, false, false, false, false, 'email', 'Email', 'user', 'text', NULL, 255, NULL);
INSERT INTO system.dictionary VALUES ('d3f83c99-2810-4540-9676-b35214c03e55', '2020-11-25 13:19:39.300846', '2020-11-25 13:19:39.300846', 'maint', 'maint', 'dictionary', 'system', 0, true, false, false, false, false, 'department', 'Department', 'user', 'uuid', NULL, 255, NULL);
INSERT INTO system.dictionary VALUES ('703fb707-a013-47ef-94c0-dec0376ebb14', '2020-11-25 13:19:39.300949', '2020-11-25 13:19:39.300949', 'maint', 'maint', 'dictionary', 'system', 0, true, false, false, false, false, 'company', 'Company', 'user', 'uuid', NULL, 255, NULL);
INSERT INTO system.dictionary VALUES ('01640c3b-c378-4377-9aed-8d63af945d1b', '2020-11-25 13:19:39.301333', '2020-11-25 13:19:39.301333', 'maint', 'maint', 'dictionary', 'system', 0, true, false, false, true, false, 'read_only', 'Read only', 'dictionary', 'boolean', NULL, 255, NULL);
INSERT INTO system.dictionary VALUES ('40b2685b-a27f-4562-b797-3ab7be5afe09', '2020-11-25 13:19:39.319728', '2020-11-25 13:19:39.319728', 'maint', 'maint', 'dictionary', 'system', 0, true, false, false, true, false, 'display', 'Display', 'dictionary', 'boolean', NULL, 255, NULL);
INSERT INTO system.dictionary VALUES ('0b3f34ae-9267-41ca-93dd-bdc53d6088ad', '2020-11-25 13:19:39.319944', '2020-11-25 13:19:39.319944', 'maint', 'maint', 'dictionary', 'system', 0, true, false, false, true, false, 'column_label', 'Column label', 'dictionary', 'text', NULL, 255, NULL);
INSERT INTO system.dictionary VALUES ('5e3ebb49-488f-4e42-ba1f-09dce6fdc547', '2020-11-25 13:19:39.320596', '2020-11-25 13:19:39.320596', 'maint', 'maint', 'dictionary', 'system', 0, true, false, false, true, false, 'type', 'Type', 'dictionary', 'text', NULL, 255, NULL);
INSERT INTO system.dictionary VALUES ('1a4cfd48-b71b-4c9a-8552-035a5e7d221f', '2020-11-25 13:19:39.320853', '2020-11-25 13:19:39.320853', 'maint', 'maint', 'dictionary', 'system', 0, true, false, false, false, false, 'reference_table', 'Reference table', 'dictionary', 'text', NULL, 255, NULL);
INSERT INTO system.dictionary VALUES ('47e5b253-9f19-45ea-8e05-e37017741d4d', '2020-11-25 13:19:39.32296', '2020-11-25 13:19:39.32296', 'maint', 'maint', 'dictionary', 'system', 0, true, false, false, true, false, 'active', 'Active', 'acl', 'boolean', NULL, 255, NULL);
INSERT INTO system.dictionary VALUES ('5ee5d7b2-24e1-4acb-983a-39a3a11cc646', '2020-11-25 13:19:39.34167', '2020-11-25 13:19:39.34167', 'maint', 'maint', 'dictionary', 'system', 0, true, false, false, true, false, 'type', 'Type', 'acl', 'text', NULL, 255, NULL);
INSERT INTO system.dictionary VALUES ('313e85b7-9f01-4b30-9d8b-53155b59530b', '2020-11-25 13:19:39.341892', '2020-11-25 13:19:39.341892', 'maint', 'maint', 'dictionary', 'system', 0, true, false, false, false, false, 'field', 'Field', 'acl', 'uuid', NULL, 255, NULL);
INSERT INTO system.dictionary VALUES ('71b837aa-95df-475f-9c73-d532e42086eb', '2020-11-25 13:19:39.342142', '2020-11-25 13:19:39.342142', 'maint', 'maint', 'dictionary', 'system', 0, true, false, false, false, false, 'acl', 'Acl', 'acl_requires_role', 'uuid', NULL, 255, NULL);
INSERT INTO system.dictionary VALUES ('9323d32c-5bae-4f17-aa0b-5cfdc930d753', '2020-11-25 13:19:39.342248', '2020-11-25 13:19:39.342248', 'maint', 'maint', 'dictionary', 'system', 0, true, false, false, false, false, 'role', 'Role', 'acl_requires_role', 'uuid', NULL, 255, NULL);
INSERT INTO system.dictionary VALUES ('194ad2df-0a5b-4807-818d-9368cf634392', '2020-11-25 13:19:38.534864', '2020-11-25 13:19:38.534864', 'maint', 'maint', 'dictionary', 'system', 0, true, false, false, false, false, 'guid', 'GUID', 'role', 'uuid', NULL, 36, NULL);
INSERT INTO system.dictionary VALUES ('7498974c-f106-4704-ae81-de24af3bf2a7', '2020-11-25 13:19:38.534864', '2020-11-25 13:19:38.534864', 'maint', 'maint', 'dictionary', 'system', 0, true, false, true, false, false, 'created_by', 'Created By', 'role', 'text', NULL, 80, NULL);
INSERT INTO system.dictionary VALUES ('a4265c54-b025-4b6c-a614-9455348ec714', '2020-11-25 13:19:38.534864', '2020-11-25 13:19:38.534864', 'maint', 'maint', 'dictionary', 'system', 0, true, false, false, false, false, 'updated_by', 'Updated By', 'role', 'text', NULL, 80, NULL);
INSERT INTO system.dictionary VALUES ('47118339-dd16-414c-a86a-8c7c61573fdc', '2020-11-25 13:19:38.534864', '2020-11-25 13:19:38.534864', 'maint', 'maint', 'dictionary', 'system', 0, true, false, true, false, false, 'created', 'Created', 'role', 'timestamp', NULL, 80, NULL);
INSERT INTO system.dictionary VALUES ('6005dd4b-d200-4425-a11b-041a6ee7b060', '2020-11-25 13:19:38.534864', '2020-11-25 13:19:38.534864', 'maint', 'maint', 'dictionary', 'system', 0, true, false, false, false, false, 'updated', 'Updated', 'role', 'timestamp', NULL, 80, NULL);
INSERT INTO system.dictionary VALUES ('b04aff9e-72c3-40d9-94cc-54316cb2b634', '2020-11-25 13:19:38.534864', '2020-11-25 13:19:38.534864', 'maint', 'maint', 'dictionary', 'system', 0, true, false, false, false, false, 'class_name', 'Class Name', 'role', 'text', NULL, 80, NULL);
INSERT INTO system.dictionary VALUES ('2f084417-de45-40d7-8d8e-b699d0e19021', '2020-11-25 13:19:38.534864', '2020-11-25 13:19:38.534864', 'maint', 'maint', 'dictionary', 'system', 0, true, false, false, false, false, 'update_count', 'Update count', 'role', 'int', NULL, 32, NULL);
INSERT INTO system.dictionary VALUES ('224d4204-2c8e-479e-a9ea-9cae43e547c8', '2020-11-25 13:19:38.534864', '2020-11-25 13:19:38.534864', 'maint', 'maint', 'dictionary', 'system', 0, true, false, false, false, false, 'scope', 'Scope', 'role', 'text', NULL, 400, NULL);
INSERT INTO system.dictionary VALUES ('a475de5c-f63d-4759-b30a-75dd97e52639', '2020-11-25 13:19:39.274238', '2020-11-25 13:19:39.274238', 'maint', 'maint', 'dictionary', 'system', 0, true, false, false, true, false, 'active', 'Active', 'dbo', 'boolean', NULL, 255, NULL);
INSERT INTO system.dictionary VALUES ('8ebb9da5-dc2a-459d-9113-efcd04d76dc5', '2020-11-25 13:19:39.275063', '2020-11-25 13:19:39.275063', 'maint', 'maint', 'dictionary', 'system', 0, true, false, false, true, false, 'label', 'Label', 'dbo', 'text', NULL, 255, NULL);
INSERT INTO system.dictionary VALUES ('74334a88-d473-4ac8-b9e5-b1bf9ce83178', '2020-11-25 13:19:39.300276', '2020-11-25 13:19:39.300276', 'maint', 'maint', 'dictionary', 'system', 0, true, false, false, true, false, 'user_name', 'User name', 'user', 'text', NULL, 255, NULL);
INSERT INTO system.dictionary VALUES ('e65267d5-1354-426a-872c-85a86e2d396d', '2020-11-25 13:19:39.300524', '2020-11-25 13:19:39.300524', 'maint', 'maint', 'dictionary', 'system', 0, true, false, false, true, false, 'last_name', 'Last name', 'user', 'text', NULL, 255, NULL);
INSERT INTO system.dictionary VALUES ('b6bcb0f5-45fe-412f-8a80-2e1ce3de4c11', '2020-11-25 13:19:39.319604', '2020-11-25 13:19:39.319604', 'maint', 'maint', 'dictionary', 'system', 0, true, false, false, true, false, 'mandatory', 'Mandatory', 'dictionary', 'boolean', NULL, 255, NULL);
INSERT INTO system.dictionary VALUES ('fb530a03-b915-4cd6-a127-3733c44b2337', '2020-11-25 13:19:39.319838', '2020-11-25 13:19:39.319838', 'maint', 'maint', 'dictionary', 'system', 0, true, false, false, true, false, 'column_name', 'Column name', 'dictionary', 'text', NULL, 255, NULL);
INSERT INTO system.dictionary VALUES ('babdee2c-ce49-4f9a-a6b6-4a31322dfde5', '2020-11-25 13:19:39.341539', '2020-11-25 13:19:39.341539', 'maint', 'maint', 'dictionary', 'system', 0, true, false, false, true, false, 'table', 'Table', 'acl', 'text', NULL, 255, NULL);
INSERT INTO system.dictionary VALUES ('d4a0479e-2377-4006-b9ae-a675431b7b01', '2020-11-25 13:19:39.341783', '2020-11-25 13:19:39.341783', 'maint', 'maint', 'dictionary', 'system', 0, true, false, false, true, false, 'operation', 'Operation', 'acl', 'text', NULL, 255, NULL);
INSERT INTO system.dictionary VALUES ('532666b7-1a69-43cf-947d-c3fc9a4fad8a', '2020-11-25 13:19:39.36157', '2020-11-25 13:19:39.36157', 'maint', 'maint', 'dictionary', 'system', 0, true, false, false, true, false, 'element', 'Element', 'field_label', 'uuid', NULL, 255, NULL);
INSERT INTO system.dictionary VALUES ('e0f705b8-3ce2-40d2-ab6f-10d1de6c360f', '2020-11-25 13:19:39.362611', '2020-11-25 13:19:39.362611', 'maint', 'maint', 'dictionary', 'system', 0, true, false, false, true, false, 'name', 'Name', 'group', 'text', NULL, 255, NULL);
INSERT INTO system.dictionary VALUES ('0fbd416b-5a85-4646-aa65-747cfcba2f40', '2020-11-25 13:19:39.379745', '2020-11-25 13:19:39.379745', 'maint', 'maint', 'dictionary', 'system', 0, true, false, false, true, false, 'table', 'Table', 'ui_action', 'text', NULL, 255, NULL);
INSERT INTO system.dictionary VALUES ('9fabe75c-2c26-43ba-8bf7-d5c87ee6e017', '2020-11-25 13:19:39.380703', '2020-11-25 13:19:39.380703', 'maint', 'maint', 'dictionary', 'system', 0, true, false, false, true, false, 'order', 'Order', 'ui_action', 'int', NULL, 255, NULL);
INSERT INTO system.dictionary VALUES ('66f16e77-54c2-4f98-8148-75bc9da5e7ac', '2020-11-25 13:19:39.401279', '2020-11-25 13:19:39.401279', 'maint', 'maint', 'dictionary', 'system', 0, true, false, false, true, false, 'list_link', 'List link', 'ui_action', 'boolean', NULL, 255, NULL);
INSERT INTO system.dictionary VALUES ('5ecb5d0f-1566-41d1-9d43-0b2c3161addb', '2020-11-25 13:19:39.402211', '2020-11-25 13:19:39.402211', 'maint', 'maint', 'dictionary', 'system', 0, true, false, false, true, false, 'server', 'Server', 'ui_action', 'boolean', NULL, 255, NULL);
INSERT INTO system.dictionary VALUES ('4cc288cb-62e4-4883-8089-c20945d32fd2', '2020-11-25 13:19:39.418328', '2020-11-25 13:19:39.418328', 'maint', 'maint', 'dictionary', 'system', 0, true, false, false, true, false, 'script', 'Script', 'server_script', 'text', NULL, 255, NULL);
INSERT INTO system.dictionary VALUES ('6ddc0ea6-4063-41fa-8a68-9c27a3fa170e', '2020-11-25 13:19:39.419289', '2020-11-25 13:19:39.419289', 'maint', 'maint', 'dictionary', 'system', 0, true, false, false, true, false, 'on', 'On', 'server_script', 'text', NULL, 255, NULL);
INSERT INTO system.dictionary VALUES ('8d9355d1-a2a7-4262-89d2-8b4ecc3a5526', '2020-11-25 13:19:39.701611', '2020-11-25 13:19:39.701611', 'admin', 'admin', 'dictionary', 'system', 0, true, false, false, false, false, 'guid', 'GUID', 'department', 'uuid', NULL, 36, NULL);
INSERT INTO system.dictionary VALUES ('9e7bc94a-9a98-4cfa-874d-d5eee0370aa2', '2020-11-25 13:19:39.701611', '2020-11-25 13:19:39.701611', 'admin', 'admin', 'dictionary', 'system', 0, true, false, true, false, false, 'created_by', 'Created By', 'department', 'text', NULL, 80, NULL);
INSERT INTO system.dictionary VALUES ('03c61519-2965-4439-a51f-6b115a97c3e0', '2020-11-25 13:19:39.701611', '2020-11-25 13:19:39.701611', 'admin', 'admin', 'dictionary', 'system', 0, true, false, false, false, false, 'updated_by', 'Updated By', 'department', 'text', NULL, 80, NULL);
INSERT INTO system.dictionary VALUES ('67a1d9f4-0e4a-4430-a2cb-e3beac9782c4', '2020-11-25 13:19:39.701611', '2020-11-25 13:19:39.701611', 'admin', 'admin', 'dictionary', 'system', 0, true, false, true, false, false, 'created', 'Created', 'department', 'timestamp', NULL, 80, NULL);
INSERT INTO system.dictionary VALUES ('8a538b24-374f-4f72-b58c-cd37153ad4ee', '2020-11-25 13:19:39.701611', '2020-11-25 13:19:39.701611', 'admin', 'admin', 'dictionary', 'system', 0, true, false, false, false, false, 'updated', 'Updated', 'department', 'timestamp', NULL, 80, NULL);
INSERT INTO system.dictionary VALUES ('256aebcb-7e57-47b5-830b-6f7f16e6e58a', '2020-11-25 13:19:39.701611', '2020-11-25 13:19:39.701611', 'admin', 'admin', 'dictionary', 'system', 0, true, false, false, false, false, 'class_name', 'Class Name', 'department', 'text', NULL, 80, NULL);
INSERT INTO system.dictionary VALUES ('e78b9bab-114d-464d-a1c2-b0a94631fdf0', '2020-11-25 13:19:39.701611', '2020-11-25 13:19:39.701611', 'admin', 'admin', 'dictionary', 'system', 0, true, false, false, false, false, 'update_count', 'Update count', 'department', 'int', NULL, 32, NULL);
INSERT INTO system.dictionary VALUES ('c1a0b4a8-e514-466d-bca1-a409c0fab182', '2020-11-25 13:19:39.701611', '2020-11-25 13:19:39.701611', 'admin', 'admin', 'dictionary', 'system', 0, true, false, false, false, false, 'scope', 'Scope', 'department', 'text', NULL, 400, NULL);
INSERT INTO system.dictionary VALUES ('4b2861fa-0432-4ec3-ad9d-ed6167a9e4fb', '2020-11-25 13:19:40.100998', '2020-11-25 13:19:40.100998', 'maint', 'maint', 'dictionary', 'system', 0, true, false, false, false, false, 'guid', 'GUID', 'change_task', 'uuid', NULL, 36, NULL);
INSERT INTO system.dictionary VALUES ('d4ad2065-fcd8-460f-b172-87706d4427a7', '2020-11-25 13:19:40.100998', '2020-11-25 13:19:40.100998', 'maint', 'maint', 'dictionary', 'system', 0, true, false, true, false, false, 'created_by', 'Created By', 'change_task', 'text', NULL, 80, NULL);
INSERT INTO system.dictionary VALUES ('9e03c782-e487-4fbf-8951-a796e1178ff9', '2020-11-25 13:19:40.100998', '2020-11-25 13:19:40.100998', 'maint', 'maint', 'dictionary', 'system', 0, true, false, false, false, false, 'updated_by', 'Updated By', 'change_task', 'text', NULL, 80, NULL);
INSERT INTO system.dictionary VALUES ('b45e9ff7-f218-45e5-b9a3-62c76b4fe658', '2020-11-25 13:19:40.100998', '2020-11-25 13:19:40.100998', 'maint', 'maint', 'dictionary', 'system', 0, true, false, true, false, false, 'created', 'Created', 'change_task', 'timestamp', NULL, 80, NULL);
INSERT INTO system.dictionary VALUES ('f616b4fb-a92b-4877-b883-1145e6091683', '2020-11-25 13:19:40.100998', '2020-11-25 13:19:40.100998', 'maint', 'maint', 'dictionary', 'system', 0, true, false, false, false, false, 'updated', 'Updated', 'change_task', 'timestamp', NULL, 80, NULL);
INSERT INTO system.dictionary VALUES ('91ec5041-1b83-4843-871b-67614acbb2b9', '2020-11-25 13:19:40.100998', '2020-11-25 13:19:40.100998', 'maint', 'maint', 'dictionary', 'system', 0, true, false, false, false, false, 'class_name', 'Class Name', 'change_task', 'text', NULL, 80, NULL);
INSERT INTO system.dictionary VALUES ('2e275732-af19-4a75-8619-c24b9831531b', '2020-11-25 13:19:40.100998', '2020-11-25 13:19:40.100998', 'maint', 'maint', 'dictionary', 'system', 0, true, false, false, false, false, 'update_count', 'Update count', 'change_task', 'int', NULL, 32, NULL);
INSERT INTO system.dictionary VALUES ('f371f398-0fc0-443e-a262-2ec3a5c36a4d', '2020-11-25 13:19:40.100998', '2020-11-25 13:19:40.100998', 'maint', 'maint', 'dictionary', 'system', 0, true, false, false, false, false, 'scope', 'Scope', 'change_task', 'text', NULL, 400, NULL);
INSERT INTO system.dictionary VALUES ('ec8a2731-f0d3-48c6-8f22-a4caee891873', '2020-11-25 13:19:39.275242', '2020-11-25 13:19:39.275242', 'maint', 'maint', 'dictionary', 'system', 0, true, false, false, false, false, 'extends_root', 'Extends root', 'dbo', 'text', NULL, 255, NULL);
INSERT INTO system.dictionary VALUES ('098bd7ea-1567-4316-ba1a-a0d50a162381', '2020-11-25 13:19:39.275599', '2020-11-25 13:19:39.275599', 'maint', 'maint', 'dictionary', 'system', 0, true, false, false, false, false, 'number_digits', 'Number digits', 'dbo', 'integer', NULL, 255, NULL);
INSERT INTO system.dictionary VALUES ('18296533-0ccb-45f4-b558-4d53ae78c0a0', '2020-11-25 13:19:39.300744', '2020-11-25 13:19:39.300744', 'maint', 'maint', 'dictionary', 'system', 0, true, false, false, true, false, 'name', 'Name', 'user', 'text', NULL, 255, NULL);
INSERT INTO system.dictionary VALUES ('565b84de-7365-427d-94f9-734b0bf3b54d', '2020-11-25 13:19:39.301049', '2020-11-25 13:19:39.301049', 'maint', 'maint', 'dictionary', 'system', 0, true, false, false, true, false, 'active', 'Active', 'dictionary', 'boolean', NULL, 255, NULL);
INSERT INTO system.dictionary VALUES ('a185fb6b-15d6-4fe8-9ada-907961351105', '2020-11-25 13:19:39.320313', '2020-11-25 13:19:39.320313', 'maint', 'maint', 'dictionary', 'system', 0, true, false, false, true, false, 'table', 'Table', 'dictionary', 'text', NULL, 255, NULL);
INSERT INTO system.dictionary VALUES ('13768b2d-71c8-4e24-90b9-14b40ff3485d', '2020-11-25 13:19:39.321105', '2020-11-25 13:19:39.321105', 'maint', 'maint', 'dictionary', 'system', 0, true, false, false, true, false, 'max_length', 'Max length', 'dictionary', 'integer', NULL, 255, NULL);
INSERT INTO system.dictionary VALUES ('18443728-864d-4678-8b8b-22d949411b05', '2020-11-25 13:19:39.342031', '2020-11-25 13:19:39.342031', 'maint', 'maint', 'dictionary', 'system', 0, true, false, false, true, false, 'active', 'Active', 'acl_requires_role', 'boolean', NULL, 255, NULL);
INSERT INTO system.dictionary VALUES ('3faa7e13-b5da-43fc-9908-f1028b9e6dac', '2020-11-25 13:19:39.342363', '2020-11-25 13:19:39.342363', 'maint', 'maint', 'dictionary', 'system', 0, true, false, false, true, false, 'active', 'Active', 'field_label', 'boolean', NULL, 255, NULL);
INSERT INTO system.dictionary VALUES ('5176a8d8-c41e-4e11-9393-00210ce44762', '2020-11-25 13:19:39.362904', '2020-11-25 13:19:39.362904', 'maint', 'maint', 'dictionary', 'system', 0, true, false, false, false, false, 'manager', 'Manager', 'group', 'uuid', NULL, 255, NULL);
INSERT INTO system.dictionary VALUES ('ed2e2ce8-e28c-442a-b9a8-1339b6f7b25c', '2020-11-25 13:19:39.363269', '2020-11-25 13:19:39.363269', 'maint', 'maint', 'dictionary', 'system', 0, true, false, false, false, false, 'user', 'User', 'group_membership', 'uuid', NULL, 255, NULL);
INSERT INTO system.dictionary VALUES ('aec7506e-f689-4853-b73e-66f8207614e7', '2020-11-25 13:19:39.380926', '2020-11-25 13:19:39.380926', 'maint', 'maint', 'dictionary', 'system', 0, true, false, false, true, false, 'tooltip', 'Tooltip', 'ui_action', 'text', NULL, 255, NULL);
INSERT INTO system.dictionary VALUES ('a98e9bc0-899c-4ada-bb41-feeff2f21703', '2020-11-25 13:19:39.383802', '2020-11-25 13:19:39.383802', 'maint', 'maint', 'dictionary', 'system', 0, true, false, false, true, false, 'form_link', 'Form link', 'ui_action', 'boolean', NULL, 255, NULL);
INSERT INTO system.dictionary VALUES ('fb7bb87d-7c17-4285-9ff3-50ef842c3a60', '2020-11-25 13:19:39.402431', '2020-11-25 13:19:39.402431', 'maint', 'maint', 'dictionary', 'system', 0, true, false, false, true, false, 'server_script', 'Server script', 'ui_action', 'text', NULL, 255, NULL);
INSERT INTO system.dictionary VALUES ('695bb001-6b96-4bba-8016-b093266e2d52', '2020-11-25 13:19:39.402748', '2020-11-25 13:19:39.402748', 'maint', 'maint', 'dictionary', 'system', 0, true, false, false, false, false, 'role', 'Role', 'ui_action_requires_role', 'uuid', NULL, 255, NULL);
INSERT INTO system.dictionary VALUES ('b628cad8-fbee-4640-b998-e05afad75ece', '2020-11-25 13:19:39.419519', '2020-11-25 13:19:39.419519', 'maint', 'maint', 'dictionary', 'system', 0, true, false, false, true, false, 'order', 'Order', 'server_script', 'int', NULL, 255, NULL);
INSERT INTO system.dictionary VALUES ('b48f03b4-5712-4427-8c24-86d2cfd5630a', '2020-11-25 13:19:39.701565', '2020-11-25 13:19:39.701565', 'admin', 'admin', 'dictionary', 'system', 0, true, false, false, false, false, 'guid', 'GUID', 'cost_centre', 'uuid', NULL, 36, NULL);
INSERT INTO system.dictionary VALUES ('9143e710-7c73-4948-b720-3dc7e21e6b79', '2020-11-25 13:19:39.701565', '2020-11-25 13:19:39.701565', 'admin', 'admin', 'dictionary', 'system', 0, true, false, true, false, false, 'created_by', 'Created By', 'cost_centre', 'text', NULL, 80, NULL);
INSERT INTO system.dictionary VALUES ('2f71fe41-ba51-400b-a564-9894cfd6ebf4', '2020-11-25 13:19:39.701565', '2020-11-25 13:19:39.701565', 'admin', 'admin', 'dictionary', 'system', 0, true, false, false, false, false, 'updated_by', 'Updated By', 'cost_centre', 'text', NULL, 80, NULL);
INSERT INTO system.dictionary VALUES ('0be51386-2440-4b36-9728-9f1505a87682', '2020-11-25 13:19:39.701565', '2020-11-25 13:19:39.701565', 'admin', 'admin', 'dictionary', 'system', 0, true, false, true, false, false, 'created', 'Created', 'cost_centre', 'timestamp', NULL, 80, NULL);
INSERT INTO system.dictionary VALUES ('df9e34cd-36d7-4bcb-8c3d-d33e7044e7b1', '2020-11-25 13:19:39.701565', '2020-11-25 13:19:39.701565', 'admin', 'admin', 'dictionary', 'system', 0, true, false, false, false, false, 'updated', 'Updated', 'cost_centre', 'timestamp', NULL, 80, NULL);
INSERT INTO system.dictionary VALUES ('841a9433-4bee-4c33-81b0-651c4604e013', '2020-11-25 13:19:39.701565', '2020-11-25 13:19:39.701565', 'admin', 'admin', 'dictionary', 'system', 0, true, false, false, false, false, 'class_name', 'Class Name', 'cost_centre', 'text', NULL, 80, NULL);
INSERT INTO system.dictionary VALUES ('08f60d84-3557-48d7-b030-562b43ed7be5', '2020-11-25 13:19:39.701565', '2020-11-25 13:19:39.701565', 'admin', 'admin', 'dictionary', 'system', 0, true, false, false, false, false, 'update_count', 'Update count', 'cost_centre', 'int', NULL, 32, NULL);
INSERT INTO system.dictionary VALUES ('8e4af8b6-f44e-43bb-b69d-d38c57caeb56', '2020-11-25 13:19:39.701565', '2020-11-25 13:19:39.701565', 'admin', 'admin', 'dictionary', 'system', 0, true, false, false, false, false, 'scope', 'Scope', 'cost_centre', 'text', NULL, 400, NULL);
INSERT INTO system.dictionary VALUES ('4fd2bd2d-9b23-47ff-a502-574f8a6d17fd', '2020-11-25 13:19:39.944301', '2020-11-25 13:19:39.944301', 'maint', 'maint', 'dictionary', 'system', 0, true, false, false, false, false, 'guid', 'GUID', 'hw', 'uuid', NULL, 36, NULL);
INSERT INTO system.dictionary VALUES ('898ba505-b83d-4640-bd25-a25e089bed67', '2020-11-25 13:19:39.944301', '2020-11-25 13:19:39.944301', 'maint', 'maint', 'dictionary', 'system', 0, true, false, true, false, false, 'created_by', 'Created By', 'hw', 'text', NULL, 80, NULL);
INSERT INTO system.dictionary VALUES ('4425fac2-9aed-41ed-b61f-75032bcc68c2', '2020-11-25 13:19:39.944301', '2020-11-25 13:19:39.944301', 'maint', 'maint', 'dictionary', 'system', 0, true, false, false, false, false, 'updated_by', 'Updated By', 'hw', 'text', NULL, 80, NULL);
INSERT INTO system.dictionary VALUES ('12453f50-8658-431c-a85a-992ad7802147', '2020-11-25 13:19:39.944301', '2020-11-25 13:19:39.944301', 'maint', 'maint', 'dictionary', 'system', 0, true, false, true, false, false, 'created', 'Created', 'hw', 'timestamp', NULL, 80, NULL);
INSERT INTO system.dictionary VALUES ('1881aae5-82a8-4afb-a8ea-b31db024457c', '2020-11-25 13:19:39.944301', '2020-11-25 13:19:39.944301', 'maint', 'maint', 'dictionary', 'system', 0, true, false, false, false, false, 'updated', 'Updated', 'hw', 'timestamp', NULL, 80, NULL);
INSERT INTO system.dictionary VALUES ('37cf187e-5a17-43c6-8280-b63c2c54048d', '2020-11-25 13:19:39.944301', '2020-11-25 13:19:39.944301', 'maint', 'maint', 'dictionary', 'system', 0, true, false, false, false, false, 'class_name', 'Class Name', 'hw', 'text', NULL, 80, NULL);
INSERT INTO system.dictionary VALUES ('8f26fc98-c409-4040-bfff-04102cf4e9aa', '2020-11-25 13:19:39.944301', '2020-11-25 13:19:39.944301', 'maint', 'maint', 'dictionary', 'system', 0, true, false, false, false, false, 'update_count', 'Update count', 'hw', 'int', NULL, 32, NULL);
INSERT INTO system.dictionary VALUES ('c33e82db-fe73-4236-a99c-0087740ea3a5', '2020-11-25 13:19:39.944301', '2020-11-25 13:19:39.944301', 'maint', 'maint', 'dictionary', 'system', 0, true, false, false, false, false, 'scope', 'Scope', 'hw', 'text', NULL, 400, NULL);
INSERT INTO system.dictionary VALUES ('8a865971-0ce3-436e-a692-0b14359491d1', '2020-11-25 13:19:39.944375', '2020-11-25 13:19:39.944375', 'maint', 'maint', 'dictionary', 'system', 0, true, false, false, false, false, 'guid', 'GUID', 'application', 'uuid', NULL, 36, NULL);
INSERT INTO system.dictionary VALUES ('fbf38a23-2455-49e8-b3b6-447e52694426', '2020-11-25 13:19:39.944375', '2020-11-25 13:19:39.944375', 'maint', 'maint', 'dictionary', 'system', 0, true, false, true, false, false, 'created_by', 'Created By', 'application', 'text', NULL, 80, NULL);
INSERT INTO system.dictionary VALUES ('381fa591-99ce-4cca-92c8-232faef5b0ac', '2020-11-25 13:19:39.944375', '2020-11-25 13:19:39.944375', 'maint', 'maint', 'dictionary', 'system', 0, true, false, false, false, false, 'updated_by', 'Updated By', 'application', 'text', NULL, 80, NULL);
INSERT INTO system.dictionary VALUES ('aeae6331-4d89-42bf-b33f-738567d08dec', '2020-11-25 13:19:39.944375', '2020-11-25 13:19:39.944375', 'maint', 'maint', 'dictionary', 'system', 0, true, false, true, false, false, 'created', 'Created', 'application', 'timestamp', NULL, 80, NULL);
INSERT INTO system.dictionary VALUES ('bb74910d-ff1c-43bc-982f-edcd3c71bd72', '2020-11-25 13:19:39.944375', '2020-11-25 13:19:39.944375', 'maint', 'maint', 'dictionary', 'system', 0, true, false, false, false, false, 'updated', 'Updated', 'application', 'timestamp', NULL, 80, NULL);
INSERT INTO system.dictionary VALUES ('c40742b2-34ba-42af-bef1-e69601e5921c', '2020-11-25 13:19:39.944375', '2020-11-25 13:19:39.944375', 'maint', 'maint', 'dictionary', 'system', 0, true, false, false, false, false, 'class_name', 'Class Name', 'application', 'text', NULL, 80, NULL);
INSERT INTO system.dictionary VALUES ('0818694f-6ff6-42c2-af76-95344f2b9c58', '2020-11-25 13:19:39.944375', '2020-11-25 13:19:39.944375', 'maint', 'maint', 'dictionary', 'system', 0, true, false, false, false, false, 'update_count', 'Update count', 'application', 'int', NULL, 32, NULL);
INSERT INTO system.dictionary VALUES ('12baf487-0243-4e33-8af6-cd2caaa5b107', '2020-11-25 13:19:39.944375', '2020-11-25 13:19:39.944375', 'maint', 'maint', 'dictionary', 'system', 0, true, false, false, false, false, 'scope', 'Scope', 'application', 'text', NULL, 400, NULL);
INSERT INTO system.dictionary VALUES ('d7daeba7-5066-4951-9278-1ac0a37dbe33', '2020-11-25 13:19:40.100449', '2020-11-25 13:19:40.100449', 'maint', 'maint', 'dictionary', 'system', 0, true, false, false, false, false, 'guid', 'GUID', 'incident', 'uuid', NULL, 36, NULL);
INSERT INTO system.dictionary VALUES ('1679bb51-715a-4c00-a0ab-d13e43747492', '2020-11-25 13:19:40.100449', '2020-11-25 13:19:40.100449', 'maint', 'maint', 'dictionary', 'system', 0, true, false, true, false, false, 'created_by', 'Created By', 'incident', 'text', NULL, 80, NULL);
INSERT INTO system.dictionary VALUES ('e3353f31-6462-4a7b-96a4-ac9b9871bfb7', '2020-11-25 13:19:40.100449', '2020-11-25 13:19:40.100449', 'maint', 'maint', 'dictionary', 'system', 0, true, false, false, false, false, 'updated_by', 'Updated By', 'incident', 'text', NULL, 80, NULL);
INSERT INTO system.dictionary VALUES ('4f6d0426-b829-4357-bdb4-afe518d90280', '2020-11-25 13:19:40.100449', '2020-11-25 13:19:40.100449', 'maint', 'maint', 'dictionary', 'system', 0, true, false, true, false, false, 'created', 'Created', 'incident', 'timestamp', NULL, 80, NULL);
INSERT INTO system.dictionary VALUES ('936a9e6a-8886-4b80-a4c2-27d5be79bdd1', '2020-11-25 13:19:40.100449', '2020-11-25 13:19:40.100449', 'maint', 'maint', 'dictionary', 'system', 0, true, false, false, false, false, 'updated', 'Updated', 'incident', 'timestamp', NULL, 80, NULL);
INSERT INTO system.dictionary VALUES ('b6b74853-8510-40ff-a885-cf81fd3c1abb', '2020-11-25 13:19:40.100449', '2020-11-25 13:19:40.100449', 'maint', 'maint', 'dictionary', 'system', 0, true, false, false, false, false, 'class_name', 'Class Name', 'incident', 'text', NULL, 80, NULL);
INSERT INTO system.dictionary VALUES ('2726da14-8ae8-4aff-ba31-99c346909cd4', '2020-11-25 13:19:40.100492', '2020-11-25 13:19:40.100492', 'maint', 'maint', 'dictionary', 'system', 0, true, false, false, false, false, 'guid', 'GUID', 'incident_task', 'uuid', NULL, 36, NULL);
INSERT INTO system.dictionary VALUES ('4d431096-87f9-4d2f-87c7-ce7866014628', '2020-11-25 13:19:40.100449', '2020-11-25 13:19:40.100449', 'maint', 'maint', 'dictionary', 'system', 0, true, false, false, false, false, 'update_count', 'Update count', 'incident', 'int', NULL, 32, NULL);
INSERT INTO system.dictionary VALUES ('609e0b5b-52d4-4fbe-855d-d3d1db1d9461', '2020-11-25 13:19:40.100492', '2020-11-25 13:19:40.100492', 'maint', 'maint', 'dictionary', 'system', 0, true, false, true, false, false, 'created_by', 'Created By', 'incident_task', 'text', NULL, 80, NULL);
INSERT INTO system.dictionary VALUES ('af5966b5-be35-4f20-96bb-b676c7b42bf4', '2020-11-25 13:19:40.100449', '2020-11-25 13:19:40.100449', 'maint', 'maint', 'dictionary', 'system', 0, true, false, false, false, false, 'scope', 'Scope', 'incident', 'text', NULL, 400, NULL);
INSERT INTO system.dictionary VALUES ('e25e7f0d-d35a-4f32-aeeb-2139f7293073', '2020-11-25 13:19:40.100492', '2020-11-25 13:19:40.100492', 'maint', 'maint', 'dictionary', 'system', 0, true, false, false, false, false, 'updated_by', 'Updated By', 'incident_task', 'text', NULL, 80, NULL);
INSERT INTO system.dictionary VALUES ('6dfb27db-41f0-481e-a2b2-12da1d82bfd6', '2020-11-25 13:19:40.100492', '2020-11-25 13:19:40.100492', 'maint', 'maint', 'dictionary', 'system', 0, true, false, true, false, false, 'created', 'Created', 'incident_task', 'timestamp', NULL, 80, NULL);
INSERT INTO system.dictionary VALUES ('cf921a96-574c-4189-80fb-cc7a60a2aeb5', '2020-11-25 13:19:40.100492', '2020-11-25 13:19:40.100492', 'maint', 'maint', 'dictionary', 'system', 0, true, false, false, false, false, 'updated', 'Updated', 'incident_task', 'timestamp', NULL, 80, NULL);
INSERT INTO system.dictionary VALUES ('e9f115c8-1c0b-4d11-8a13-c368729c8556', '2020-11-25 13:19:40.100492', '2020-11-25 13:19:40.100492', 'maint', 'maint', 'dictionary', 'system', 0, true, false, false, false, false, 'class_name', 'Class Name', 'incident_task', 'text', NULL, 80, NULL);
INSERT INTO system.dictionary VALUES ('b7a1be55-25bb-4e6b-8a69-e5fe066691df', '2020-11-25 13:19:40.100492', '2020-11-25 13:19:40.100492', 'maint', 'maint', 'dictionary', 'system', 0, true, false, false, false, false, 'update_count', 'Update count', 'incident_task', 'int', NULL, 32, NULL);
INSERT INTO system.dictionary VALUES ('c36fb074-5fff-4bf0-99e4-541042bfd744', '2020-11-25 13:19:39.277464', '2020-11-25 13:19:39.277464', 'maint', 'maint', 'dictionary', 'system', 0, true, false, false, true, false, 'table_scope', 'Table scope', 'dbo', 'text', NULL, 255, NULL);
INSERT INTO system.dictionary VALUES ('693aff11-6448-423e-89a9-01920001e59e', '2020-11-25 13:19:39.301148', '2020-11-25 13:19:39.301148', 'maint', 'maint', 'dictionary', 'system', 0, true, false, false, true, false, 'primary', 'Primary', 'dictionary', 'boolean', NULL, 255, NULL);
INSERT INTO system.dictionary VALUES ('e6225dd6-e115-4400-bc2c-a724d6b62c2b', '2020-11-25 13:19:39.321362', '2020-11-25 13:19:39.321362', 'maint', 'maint', 'dictionary', 'system', 0, true, false, false, false, false, 'default_value', 'Default value', 'dictionary', 'text', NULL, 255, NULL);
INSERT INTO system.dictionary VALUES ('3ec8f934-6cd9-473f-939a-4a7c0c8c7ef0', '2020-11-25 13:19:39.342468', '2020-11-25 13:19:39.342468', 'maint', 'maint', 'dictionary', 'system', 0, true, false, false, false, false, 'label', 'Label', 'field_label', 'text', NULL, 255, NULL);
INSERT INTO system.dictionary VALUES ('ce9e4f66-e18f-40a7-88ba-8dd624683f32', '2020-11-25 13:19:39.363394', '2020-11-25 13:19:39.363394', 'maint', 'maint', 'dictionary', 'system', 0, true, false, false, true, false, 'active', 'Active', 'ui_action', 'boolean', NULL, 255, NULL);
INSERT INTO system.dictionary VALUES ('802e8546-5158-4958-9910-444a340cc42b', '2020-11-25 13:19:39.38489', '2020-11-25 13:19:39.38489', 'maint', 'maint', 'dictionary', 'system', 0, true, false, false, true, false, 'list_button', 'List button', 'ui_action', 'boolean', NULL, 255, NULL);
INSERT INTO system.dictionary VALUES ('6d406acc-9988-4367-bed3-685c115b72dc', '2020-11-25 13:19:39.403607', '2020-11-25 13:19:39.403607', 'maint', 'maint', 'dictionary', 'system', 0, true, false, false, true, false, 'active', 'Active', 'server_script', 'boolean', NULL, 255, NULL);
INSERT INTO system.dictionary VALUES ('c5caeccb-adaa-4424-a48e-a9d9a1a683f1', '2020-11-25 13:19:40.102285', '2020-11-25 13:19:40.102285', 'maint', 'maint', 'dictionary', 'system', 0, true, false, false, false, false, 'guid', 'GUID', 'task_sla', 'uuid', NULL, 36, NULL);
INSERT INTO system.dictionary VALUES ('9a97284f-1946-4500-93d9-cba75061d24d', '2020-11-25 13:19:40.102285', '2020-11-25 13:19:40.102285', 'maint', 'maint', 'dictionary', 'system', 0, true, false, true, false, false, 'created_by', 'Created By', 'task_sla', 'text', NULL, 80, NULL);
INSERT INTO system.dictionary VALUES ('a9c17a1e-036a-4105-a23c-9954a525e8da', '2020-11-25 13:19:40.102285', '2020-11-25 13:19:40.102285', 'maint', 'maint', 'dictionary', 'system', 0, true, false, false, false, false, 'updated_by', 'Updated By', 'task_sla', 'text', NULL, 80, NULL);
INSERT INTO system.dictionary VALUES ('3ff69d33-4ad6-45c4-9f7f-0a028e4e9961', '2020-11-25 13:19:40.102285', '2020-11-25 13:19:40.102285', 'maint', 'maint', 'dictionary', 'system', 0, true, false, true, false, false, 'created', 'Created', 'task_sla', 'timestamp', NULL, 80, NULL);
INSERT INTO system.dictionary VALUES ('4fc3bd2f-b8bc-49a3-ad78-6bda2d428891', '2020-11-25 13:19:40.102285', '2020-11-25 13:19:40.102285', 'maint', 'maint', 'dictionary', 'system', 0, true, false, false, false, false, 'updated', 'Updated', 'task_sla', 'timestamp', NULL, 80, NULL);
INSERT INTO system.dictionary VALUES ('1f1042d1-318f-421c-9548-07dc8a8fb8d1', '2020-11-25 13:19:40.102285', '2020-11-25 13:19:40.102285', 'maint', 'maint', 'dictionary', 'system', 0, true, false, false, false, false, 'class_name', 'Class Name', 'task_sla', 'text', NULL, 80, NULL);
INSERT INTO system.dictionary VALUES ('7a7c50ae-0f66-45c4-aaf7-2a25f786deb2', '2020-11-25 13:19:40.102285', '2020-11-25 13:19:40.102285', 'maint', 'maint', 'dictionary', 'system', 0, true, false, false, false, false, 'update_count', 'Update count', 'task_sla', 'int', NULL, 32, NULL);
INSERT INTO system.dictionary VALUES ('799cbe51-e0a3-475a-8417-35a525ed3151', '2020-11-25 13:19:40.102285', '2020-11-25 13:19:40.102285', 'maint', 'maint', 'dictionary', 'system', 0, true, false, false, false, false, 'scope', 'Scope', 'task_sla', 'text', NULL, 400, NULL);
INSERT INTO system.dictionary VALUES ('2de2e9e7-cf38-4002-967b-62a3b14b1d5d', '2020-11-25 13:19:39.342568', '2020-11-25 13:19:39.342568', 'maint', 'maint', 'dictionary', 'system', 0, true, false, false, true, false, 'table', 'Table', 'field_label', 'text', NULL, 255, NULL);
INSERT INTO system.dictionary VALUES ('fdd28cf3-8f36-463f-b43f-6dd2ca03ef1f', '2020-11-25 13:19:39.366626', '2020-11-25 13:19:39.366626', 'maint', 'maint', 'dictionary', 'system', 0, true, false, false, true, false, 'name', 'Name', 'ui_action', 'text', NULL, 255, NULL);
INSERT INTO system.dictionary VALUES ('6fd4b600-78a1-48e3-8747-35bd2bb634de', '2020-11-25 13:19:39.386962', '2020-11-25 13:19:39.386962', 'maint', 'maint', 'dictionary', 'system', 0, true, false, false, true, false, 'list_context', 'List context', 'ui_action', 'boolean', NULL, 255, NULL);
INSERT INTO system.dictionary VALUES ('8eb81544-7b38-4295-ac95-708ac014c884', '2020-11-25 13:19:39.404495', '2020-11-25 13:19:39.404495', 'maint', 'maint', 'dictionary', 'system', 0, true, false, false, true, false, 'name', 'Name', 'server_script', 'text', NULL, 255, NULL);
INSERT INTO system.dictionary VALUES ('5dd3ad3e-87c8-4eee-b295-4a813b712f0c', '2020-11-25 13:19:39.70171', '2020-11-25 13:19:39.70171', 'admin', 'admin', 'dictionary', 'system', 0, true, false, false, false, false, 'guid', 'GUID', 'location', 'uuid', NULL, 36, NULL);
INSERT INTO system.dictionary VALUES ('889821fe-9836-4e4c-b176-b243a7b3a662', '2020-11-25 13:19:39.70171', '2020-11-25 13:19:39.70171', 'admin', 'admin', 'dictionary', 'system', 0, true, false, true, false, false, 'created_by', 'Created By', 'location', 'text', NULL, 80, NULL);
INSERT INTO system.dictionary VALUES ('6da1925a-147b-48a9-ae6b-29b795bd8cb5', '2020-11-25 13:19:39.70171', '2020-11-25 13:19:39.70171', 'admin', 'admin', 'dictionary', 'system', 0, true, false, false, false, false, 'updated_by', 'Updated By', 'location', 'text', NULL, 80, NULL);
INSERT INTO system.dictionary VALUES ('194e37ed-f6d4-4c85-8662-3eceaabf9bb7', '2020-11-25 13:19:39.70171', '2020-11-25 13:19:39.70171', 'admin', 'admin', 'dictionary', 'system', 0, true, false, true, false, false, 'created', 'Created', 'location', 'timestamp', NULL, 80, NULL);
INSERT INTO system.dictionary VALUES ('ee781a6a-abe8-487c-9954-544af73bc664', '2020-11-25 13:19:39.70171', '2020-11-25 13:19:39.70171', 'admin', 'admin', 'dictionary', 'system', 0, true, false, false, false, false, 'updated', 'Updated', 'location', 'timestamp', NULL, 80, NULL);
INSERT INTO system.dictionary VALUES ('87b83bff-1ef2-41bc-9cbe-ac7c723fd3e0', '2020-11-25 13:19:39.70171', '2020-11-25 13:19:39.70171', 'admin', 'admin', 'dictionary', 'system', 0, true, false, false, false, false, 'class_name', 'Class Name', 'location', 'text', NULL, 80, NULL);
INSERT INTO system.dictionary VALUES ('a88eea2c-7c18-4fb0-9bd6-6fb9702953a2', '2020-11-25 13:19:39.70171', '2020-11-25 13:19:39.70171', 'admin', 'admin', 'dictionary', 'system', 0, true, false, false, false, false, 'update_count', 'Update count', 'location', 'int', NULL, 32, NULL);
INSERT INTO system.dictionary VALUES ('ef665ed2-396d-4fb9-bb79-c82598f631c3', '2020-11-25 13:19:39.70171', '2020-11-25 13:19:39.70171', 'admin', 'admin', 'dictionary', 'system', 0, true, false, false, false, false, 'scope', 'Scope', 'location', 'text', NULL, 400, NULL);
INSERT INTO system.dictionary VALUES ('2ab2440a-e171-4aca-889f-2a4419adb948', '2020-11-25 13:19:40.101954', '2020-11-25 13:19:40.101954', 'maint', 'maint', 'dictionary', 'system', 0, true, false, false, false, false, 'guid', 'GUID', 'sla_definition', 'uuid', NULL, 36, NULL);
INSERT INTO system.dictionary VALUES ('53cd9fdd-6fd8-4888-b703-1213785c12a6', '2020-11-25 13:19:40.101954', '2020-11-25 13:19:40.101954', 'maint', 'maint', 'dictionary', 'system', 0, true, false, true, false, false, 'created_by', 'Created By', 'sla_definition', 'text', NULL, 80, NULL);
INSERT INTO system.dictionary VALUES ('4d727317-ae25-4d44-919f-a04248a618df', '2020-11-25 13:19:40.101954', '2020-11-25 13:19:40.101954', 'maint', 'maint', 'dictionary', 'system', 0, true, false, false, false, false, 'updated_by', 'Updated By', 'sla_definition', 'text', NULL, 80, NULL);
INSERT INTO system.dictionary VALUES ('16c2a57b-1931-4596-8322-77e6b7630c65', '2020-11-25 13:19:40.101954', '2020-11-25 13:19:40.101954', 'maint', 'maint', 'dictionary', 'system', 0, true, false, true, false, false, 'created', 'Created', 'sla_definition', 'timestamp', NULL, 80, NULL);
INSERT INTO system.dictionary VALUES ('364761d6-93f3-4716-a230-e9ac1dc3a987', '2020-11-25 13:19:40.101954', '2020-11-25 13:19:40.101954', 'maint', 'maint', 'dictionary', 'system', 0, true, false, false, false, false, 'updated', 'Updated', 'sla_definition', 'timestamp', NULL, 80, NULL);
INSERT INTO system.dictionary VALUES ('0bf17a32-a183-4746-adbf-254984c3b06a', '2020-11-25 13:19:40.101954', '2020-11-25 13:19:40.101954', 'maint', 'maint', 'dictionary', 'system', 0, true, false, false, false, false, 'class_name', 'Class Name', 'sla_definition', 'text', NULL, 80, NULL);
INSERT INTO system.dictionary VALUES ('b9f79856-05e0-4ef8-b977-ef7bc28c0d30', '2020-11-25 13:19:40.101954', '2020-11-25 13:19:40.101954', 'maint', 'maint', 'dictionary', 'system', 0, true, false, false, false, false, 'update_count', 'Update count', 'sla_definition', 'int', NULL, 32, NULL);
INSERT INTO system.dictionary VALUES ('c37dec40-bf77-4aeb-b385-ae74430af1ae', '2020-11-25 13:19:40.101954', '2020-11-25 13:19:40.101954', 'maint', 'maint', 'dictionary', 'system', 0, true, false, false, false, false, 'scope', 'Scope', 'sla_definition', 'text', NULL, 400, NULL);
INSERT INTO system.dictionary VALUES ('75fd1803-0107-4b66-8f1a-f1b5dbbc45ef', '2020-11-25 13:19:39.36171', '2020-11-25 13:19:39.36171', 'maint', 'maint', 'dictionary', 'system', 0, true, false, false, true, false, 'active', 'Active', 'group', 'boolean', NULL, 255, NULL);
INSERT INTO system.dictionary VALUES ('0ba4e0ae-c09a-4bb6-ad3f-46707e546b3a', '2020-11-25 13:19:39.379867', '2020-11-25 13:19:39.379867', 'maint', 'maint', 'dictionary', 'system', 0, true, false, false, true, false, 'global', 'Global', 'ui_action', 'boolean', NULL, 255, NULL);
INSERT INTO system.dictionary VALUES ('8ee28db5-c647-4d4d-81b8-a338b01e3f5b', '2020-11-25 13:19:39.402085', '2020-11-25 13:19:39.402085', 'maint', 'maint', 'dictionary', 'system', 0, true, false, false, true, false, 'client', 'Client', 'ui_action', 'boolean', NULL, 255, NULL);
INSERT INTO system.dictionary VALUES ('d5fd36ba-cce2-44a2-abd1-e8160891bcb3', '2020-11-25 13:19:39.419165', '2020-11-25 13:19:39.419165', 'maint', 'maint', 'dictionary', 'system', 0, true, false, false, true, false, 'when', 'When', 'server_script', 'text', NULL, 255, NULL);
INSERT INTO system.dictionary VALUES ('6956c429-7abf-4681-8bbd-eb2885674a1a', '2020-11-25 13:19:39.702084', '2020-11-25 13:19:39.702084', 'admin', 'admin', 'dictionary', 'system', 0, true, false, false, false, false, 'guid', 'GUID', 'task', 'uuid', NULL, 36, NULL);
INSERT INTO system.dictionary VALUES ('21886776-ee5b-43cf-b44a-217c67c7e88f', '2020-11-25 13:19:39.702084', '2020-11-25 13:19:39.702084', 'admin', 'admin', 'dictionary', 'system', 0, true, false, true, false, false, 'created_by', 'Created By', 'task', 'text', NULL, 80, NULL);
INSERT INTO system.dictionary VALUES ('4e30c2bd-b194-4aa3-9983-e5c4cb3245a9', '2020-11-25 13:19:39.702084', '2020-11-25 13:19:39.702084', 'admin', 'admin', 'dictionary', 'system', 0, true, false, false, false, false, 'updated_by', 'Updated By', 'task', 'text', NULL, 80, NULL);
INSERT INTO system.dictionary VALUES ('1c3c13d6-bbf1-4bd0-9ab6-906ebab31efc', '2020-11-25 13:19:39.702084', '2020-11-25 13:19:39.702084', 'admin', 'admin', 'dictionary', 'system', 0, true, false, true, false, false, 'created', 'Created', 'task', 'timestamp', NULL, 80, NULL);
INSERT INTO system.dictionary VALUES ('6e0c516c-dfc6-4725-9fd4-b4b7b24e290d', '2020-11-25 13:19:39.702084', '2020-11-25 13:19:39.702084', 'admin', 'admin', 'dictionary', 'system', 0, true, false, false, false, false, 'updated', 'Updated', 'task', 'timestamp', NULL, 80, NULL);
INSERT INTO system.dictionary VALUES ('c4ac9894-e6d3-4f46-84ca-252f7277f7c0', '2020-11-25 13:19:39.702084', '2020-11-25 13:19:39.702084', 'admin', 'admin', 'dictionary', 'system', 0, true, false, false, false, false, 'class_name', 'Class Name', 'task', 'text', NULL, 80, NULL);
INSERT INTO system.dictionary VALUES ('06591c67-5332-4615-92f7-b51e485caadd', '2020-11-25 13:19:39.702084', '2020-11-25 13:19:39.702084', 'admin', 'admin', 'dictionary', 'system', 0, true, false, false, false, false, 'update_count', 'Update count', 'task', 'int', NULL, 32, NULL);
INSERT INTO system.dictionary VALUES ('73f128bf-a119-4a7f-8aa6-e0a2924386e9', '2020-11-25 13:19:39.702084', '2020-11-25 13:19:39.702084', 'admin', 'admin', 'dictionary', 'system', 0, true, false, false, false, false, 'scope', 'Scope', 'task', 'text', NULL, 400, NULL);
INSERT INTO system.dictionary VALUES ('25626203-b892-4bcb-a1e8-2805c4de984b', '2020-11-25 13:19:40.100553', '2020-11-25 13:19:40.100553', 'maint', 'maint', 'dictionary', 'system', 0, true, false, false, false, false, 'guid', 'GUID', 'change', 'uuid', NULL, 36, NULL);
INSERT INTO system.dictionary VALUES ('767e56bb-6b97-41c9-8766-1166db953aab', '2020-11-25 13:19:40.100553', '2020-11-25 13:19:40.100553', 'maint', 'maint', 'dictionary', 'system', 0, true, false, true, false, false, 'created_by', 'Created By', 'change', 'text', NULL, 80, NULL);
INSERT INTO system.dictionary VALUES ('c6fbef2d-7762-4352-b1dd-756815ed7eb7', '2020-11-25 13:19:40.100553', '2020-11-25 13:19:40.100553', 'maint', 'maint', 'dictionary', 'system', 0, true, false, false, false, false, 'updated_by', 'Updated By', 'change', 'text', NULL, 80, NULL);
INSERT INTO system.dictionary VALUES ('a0a21883-b5f9-4d86-9d64-bbaa338e9618', '2020-11-25 13:19:40.100553', '2020-11-25 13:19:40.100553', 'maint', 'maint', 'dictionary', 'system', 0, true, false, true, false, false, 'created', 'Created', 'change', 'timestamp', NULL, 80, NULL);
INSERT INTO system.dictionary VALUES ('2ebaad55-37dd-4dbb-a37c-fe796d5d2b97', '2020-11-25 13:19:40.100553', '2020-11-25 13:19:40.100553', 'maint', 'maint', 'dictionary', 'system', 0, true, false, false, false, false, 'updated', 'Updated', 'change', 'timestamp', NULL, 80, NULL);
INSERT INTO system.dictionary VALUES ('25ae1bf0-b372-4e18-b9d4-bebfee627f74', '2020-11-25 13:19:40.100553', '2020-11-25 13:19:40.100553', 'maint', 'maint', 'dictionary', 'system', 0, true, false, false, false, false, 'class_name', 'Class Name', 'change', 'text', NULL, 80, NULL);
INSERT INTO system.dictionary VALUES ('63fd845d-8ae7-4200-a0c6-0d9a966577a6', '2020-11-25 13:19:40.100553', '2020-11-25 13:19:40.100553', 'maint', 'maint', 'dictionary', 'system', 0, true, false, false, false, false, 'update_count', 'Update count', 'change', 'int', NULL, 32, NULL);
INSERT INTO system.dictionary VALUES ('1bbe1591-0c7b-4d5d-89a3-9952a5aa7459', '2020-11-25 13:19:40.100553', '2020-11-25 13:19:40.100553', 'maint', 'maint', 'dictionary', 'system', 0, true, false, false, false, false, 'scope', 'Scope', 'change', 'text', NULL, 400, NULL);
INSERT INTO system.dictionary VALUES ('42bf4632-2ee8-4ab2-aaab-e78a3ba535bb', '2020-11-25 13:19:39.36278', '2020-11-25 13:19:39.36278', 'maint', 'maint', 'dictionary', 'system', 0, true, false, false, false, false, 'description', 'Description', 'group', 'text', NULL, 255, NULL);
INSERT INTO system.dictionary VALUES ('f8d8647b-aba3-4e4d-97ea-52a1fbd7ce69', '2020-11-25 13:19:39.380858', '2020-11-25 13:19:39.380858', 'maint', 'maint', 'dictionary', 'system', 0, true, false, false, true, false, 'description', 'Description', 'ui_action', 'text', NULL, 255, NULL);
INSERT INTO system.dictionary VALUES ('540dbd44-6338-4d5f-b59c-eae9351b32e2', '2020-11-25 13:19:39.402325', '2020-11-25 13:19:39.402325', 'maint', 'maint', 'dictionary', 'system', 0, true, false, false, true, false, 'client_script', 'Client script', 'ui_action', 'text', NULL, 255, NULL);
INSERT INTO system.dictionary VALUES ('6b123861-e1b4-427a-9833-29fcd00aeb3e', '2020-11-25 13:19:39.419398', '2020-11-25 13:19:39.419398', 'maint', 'maint', 'dictionary', 'system', 0, true, false, false, true, false, 'table', 'Table', 'server_script', 'text', NULL, 255, NULL);
INSERT INTO system.dictionary VALUES ('f1c6698b-fc51-4e7d-ba0c-f23a5bb89ed0', '2020-11-25 13:19:39.701426', '2020-11-25 13:19:39.701426', 'admin', 'admin', 'dictionary', 'system', 0, true, false, false, false, false, 'guid', 'GUID', 'company', 'uuid', NULL, 36, NULL);
INSERT INTO system.dictionary VALUES ('fd09ab3e-f7c8-42d2-aa48-56cc32c068dd', '2020-11-25 13:19:39.701426', '2020-11-25 13:19:39.701426', 'admin', 'admin', 'dictionary', 'system', 0, true, false, true, false, false, 'created_by', 'Created By', 'company', 'text', NULL, 80, NULL);
INSERT INTO system.dictionary VALUES ('fd5fb535-c423-4af2-ba4c-6a58229d466c', '2020-11-25 13:19:39.701426', '2020-11-25 13:19:39.701426', 'admin', 'admin', 'dictionary', 'system', 0, true, false, false, false, false, 'updated_by', 'Updated By', 'company', 'text', NULL, 80, NULL);
INSERT INTO system.dictionary VALUES ('54a3ccc6-be43-45eb-81a3-b59a477001fe', '2020-11-25 13:19:39.701426', '2020-11-25 13:19:39.701426', 'admin', 'admin', 'dictionary', 'system', 0, true, false, true, false, false, 'created', 'Created', 'company', 'timestamp', NULL, 80, NULL);
INSERT INTO system.dictionary VALUES ('0558c751-74db-46d3-aa94-03e734aa54e9', '2020-11-25 13:19:39.701426', '2020-11-25 13:19:39.701426', 'admin', 'admin', 'dictionary', 'system', 0, true, false, false, false, false, 'updated', 'Updated', 'company', 'timestamp', NULL, 80, NULL);
INSERT INTO system.dictionary VALUES ('83ea00b7-6522-4f51-9b63-10c082805acd', '2020-11-25 13:19:39.701426', '2020-11-25 13:19:39.701426', 'admin', 'admin', 'dictionary', 'system', 0, true, false, false, false, false, 'class_name', 'Class Name', 'company', 'text', NULL, 80, NULL);
INSERT INTO system.dictionary VALUES ('0851c252-43de-4e32-9faa-b46e999339f7', '2020-11-25 13:19:39.701426', '2020-11-25 13:19:39.701426', 'admin', 'admin', 'dictionary', 'system', 0, true, false, false, false, false, 'update_count', 'Update count', 'company', 'int', NULL, 32, NULL);
INSERT INTO system.dictionary VALUES ('48b87349-4202-4a8d-a34c-4b630724007c', '2020-11-25 13:19:39.701426', '2020-11-25 13:19:39.701426', 'admin', 'admin', 'dictionary', 'system', 0, true, false, false, false, false, 'scope', 'Scope', 'company', 'text', NULL, 400, NULL);
INSERT INTO system.dictionary VALUES ('afa45459-d032-4931-8e3f-2da436159328', '2020-11-25 13:19:39.363036', '2020-11-25 13:19:39.363036', 'maint', 'maint', 'dictionary', 'system', 0, true, false, false, true, false, 'active', 'Active', 'group_membership', 'boolean', NULL, 255, NULL);
INSERT INTO system.dictionary VALUES ('6e63ac86-0d62-4371-b3bc-9957ed8980f8', '2020-11-25 13:19:39.381045', '2020-11-25 13:19:39.381045', 'maint', 'maint', 'dictionary', 'system', 0, true, false, false, true, false, 'form_button', 'Form button', 'ui_action', 'boolean', NULL, 255, NULL);
INSERT INTO system.dictionary VALUES ('97faea8b-c7c5-4dd7-bfe2-a395ffad946f', '2020-11-25 13:19:39.402546', '2020-11-25 13:19:39.402546', 'maint', 'maint', 'dictionary', 'system', 0, true, false, false, true, false, 'active', 'Active', 'ui_action_requires_role', 'boolean', NULL, 255, NULL);
INSERT INTO system.dictionary VALUES ('bcb9b34e-479a-40b2-a96e-bdaaca48ada4', '2020-11-25 13:19:39.419642', '2020-11-25 13:19:39.419642', 'maint', 'maint', 'dictionary', 'system', 0, true, false, false, true, false, 'active', 'Active', 'role', 'boolean', NULL, 255, NULL);
INSERT INTO system.dictionary VALUES ('69015f06-6b0b-4ab3-8c7c-2a2ced6b04fb', '2020-11-25 13:19:39.944339', '2020-11-25 13:19:39.944339', 'maint', 'maint', 'dictionary', 'system', 0, true, false, false, false, false, 'guid', 'GUID', 'hw_computer', 'uuid', NULL, 36, NULL);
INSERT INTO system.dictionary VALUES ('8727d285-ce5b-4ad1-8d06-04183429a4c9', '2020-11-25 13:19:39.944339', '2020-11-25 13:19:39.944339', 'maint', 'maint', 'dictionary', 'system', 0, true, false, true, false, false, 'created_by', 'Created By', 'hw_computer', 'text', NULL, 80, NULL);
INSERT INTO system.dictionary VALUES ('cecb6dcd-1276-4339-8254-3b32c824b421', '2020-11-25 13:19:39.944339', '2020-11-25 13:19:39.944339', 'maint', 'maint', 'dictionary', 'system', 0, true, false, false, false, false, 'updated_by', 'Updated By', 'hw_computer', 'text', NULL, 80, NULL);
INSERT INTO system.dictionary VALUES ('aac3e589-8598-4b10-a54b-24b3e8e958be', '2020-11-25 13:19:39.944339', '2020-11-25 13:19:39.944339', 'maint', 'maint', 'dictionary', 'system', 0, true, false, true, false, false, 'created', 'Created', 'hw_computer', 'timestamp', NULL, 80, NULL);
INSERT INTO system.dictionary VALUES ('2dcb2c30-3963-4b0b-88bf-9906030c33cf', '2020-11-25 13:19:39.944339', '2020-11-25 13:19:39.944339', 'maint', 'maint', 'dictionary', 'system', 0, true, false, false, false, false, 'updated', 'Updated', 'hw_computer', 'timestamp', NULL, 80, NULL);
INSERT INTO system.dictionary VALUES ('fba6ec41-ff00-4cc6-97a3-7561dc653e0e', '2020-11-25 13:19:39.944339', '2020-11-25 13:19:39.944339', 'maint', 'maint', 'dictionary', 'system', 0, true, false, false, false, false, 'class_name', 'Class Name', 'hw_computer', 'text', NULL, 80, NULL);
INSERT INTO system.dictionary VALUES ('436cc611-6257-436c-b644-85707cb8fb09', '2020-11-25 13:19:39.944339', '2020-11-25 13:19:39.944339', 'maint', 'maint', 'dictionary', 'system', 0, true, false, false, false, false, 'update_count', 'Update count', 'hw_computer', 'int', NULL, 32, NULL);
INSERT INTO system.dictionary VALUES ('4fe489e3-5376-4a90-896d-3c8b75de41bb', '2020-11-25 13:19:39.944339', '2020-11-25 13:19:39.944339', 'maint', 'maint', 'dictionary', 'system', 0, true, false, false, false, false, 'scope', 'Scope', 'hw_computer', 'text', NULL, 400, NULL);
INSERT INTO system.dictionary VALUES ('5ac13109-0dd2-4c58-adf9-5c1f98aa941c', '2020-11-25 13:19:39.363151', '2020-11-25 13:19:39.363151', 'maint', 'maint', 'dictionary', 'system', 0, true, false, false, false, false, 'group', 'Group', 'group_membership', 'uuid', NULL, 255, NULL);
INSERT INTO system.dictionary VALUES ('dad0cdb9-acfd-48cf-b6c5-c9b261a8a47d', '2020-11-25 13:19:39.381147', '2020-11-25 13:19:39.381147', 'maint', 'maint', 'dictionary', 'system', 0, true, false, false, true, false, 'form_context', 'Form context', 'ui_action', 'boolean', NULL, 255, NULL);
INSERT INTO system.dictionary VALUES ('de71b039-083f-4ca3-a519-e09d7f809859', '2020-11-25 13:19:39.402648', '2020-11-25 13:19:39.402648', 'maint', 'maint', 'dictionary', 'system', 0, true, false, false, false, false, 'ui_action', 'Ui action', 'ui_action_requires_role', 'uuid', NULL, 255, NULL);
INSERT INTO system.dictionary VALUES ('5cea3371-a53e-469c-8ba0-bab76a3c24ab', '2020-11-25 13:19:39.419746', '2020-11-25 13:19:39.419746', 'maint', 'maint', 'dictionary', 'system', 0, true, false, false, true, false, 'name', 'Name', 'role', 'text', NULL, 255, NULL);
INSERT INTO system.dictionary VALUES ('a02e2078-d2ec-4293-90c5-daf5fb372cc2', '2020-11-25 13:19:39.944232', '2020-11-25 13:19:39.944232', 'maint', 'maint', 'dictionary', 'system', 0, true, false, false, false, false, 'guid', 'GUID', 'ci', 'uuid', NULL, 36, NULL);
INSERT INTO system.dictionary VALUES ('129051d8-778a-437f-b47e-15761f363d2d', '2020-11-25 13:19:39.944232', '2020-11-25 13:19:39.944232', 'maint', 'maint', 'dictionary', 'system', 0, true, false, true, false, false, 'created_by', 'Created By', 'ci', 'text', NULL, 80, NULL);
INSERT INTO system.dictionary VALUES ('cb5ca906-a8e4-4c70-ba42-d08d72a55dac', '2020-11-25 13:19:39.944232', '2020-11-25 13:19:39.944232', 'maint', 'maint', 'dictionary', 'system', 0, true, false, false, false, false, 'updated_by', 'Updated By', 'ci', 'text', NULL, 80, NULL);
INSERT INTO system.dictionary VALUES ('7c5c1d69-ecc6-4fbe-83c7-c2a26e032d28', '2020-11-25 13:19:39.944232', '2020-11-25 13:19:39.944232', 'maint', 'maint', 'dictionary', 'system', 0, true, false, true, false, false, 'created', 'Created', 'ci', 'timestamp', NULL, 80, NULL);
INSERT INTO system.dictionary VALUES ('494ad4ac-e94d-4b59-8d98-3719336c02aa', '2020-11-25 13:19:39.944232', '2020-11-25 13:19:39.944232', 'maint', 'maint', 'dictionary', 'system', 0, true, false, false, false, false, 'updated', 'Updated', 'ci', 'timestamp', NULL, 80, NULL);
INSERT INTO system.dictionary VALUES ('24afc33e-f0b3-44db-9338-dd3f68dc8fea', '2020-11-25 13:19:39.944232', '2020-11-25 13:19:39.944232', 'maint', 'maint', 'dictionary', 'system', 0, true, false, false, false, false, 'class_name', 'Class Name', 'ci', 'text', NULL, 80, NULL);
INSERT INTO system.dictionary VALUES ('335412e1-5cb1-4050-9e13-6e21c627c6d7', '2020-11-25 13:19:39.944232', '2020-11-25 13:19:39.944232', 'maint', 'maint', 'dictionary', 'system', 0, true, false, false, false, false, 'update_count', 'Update count', 'ci', 'int', NULL, 32, NULL);
INSERT INTO system.dictionary VALUES ('d3dc9b7e-05c9-480b-8354-e638ba77e9d7', '2020-11-25 13:19:39.944232', '2020-11-25 13:19:39.944232', 'maint', 'maint', 'dictionary', 'system', 0, true, false, false, false, false, 'scope', 'Scope', 'ci', 'text', NULL, 400, NULL);
INSERT INTO system.dictionary VALUES ('0249f64d-560c-4a45-9ca3-ab3648031e53', '2020-11-25 13:19:40.100492', '2020-11-25 13:19:40.100492', 'maint', 'maint', 'dictionary', 'system', 0, true, false, false, false, false, 'scope', 'Scope', 'incident_task', 'text', NULL, 400, NULL);


--
-- Data for Name: acl; Type: TABLE DATA; Schema: system; Owner: maint
--

INSERT INTO system.acl VALUES ('d8ef9ece-f9ef-40d5-bd2d-b616a227a35c', '2020-11-25 13:19:39.01271', '2020-11-25 13:19:39.01271', 'maint', 'maint', 'acl', 'system', 0, true, 'dbo', 'record', 'create', NULL);
INSERT INTO system.acl VALUES ('c0578f1e-a69f-4437-b302-470d7d87cbf3', '2020-11-25 13:19:39.01271', '2020-11-25 13:19:39.01271', 'maint', 'maint', 'acl', 'system', 0, true, 'dbo', 'record', 'read', NULL);
INSERT INTO system.acl VALUES ('ddfa5833-65b9-44f6-88e3-eab938a5a7d8', '2020-11-25 13:19:39.01271', '2020-11-25 13:19:39.01271', 'maint', 'maint', 'acl', 'system', 0, true, 'dbo', 'record', 'update', NULL);
INSERT INTO system.acl VALUES ('b6364d6c-c5da-4900-8df8-d3dfe506dfd5', '2020-11-25 13:19:39.01271', '2020-11-25 13:19:39.01271', 'maint', 'maint', 'acl', 'system', 0, true, 'dbo', 'record', 'delete', NULL);
INSERT INTO system.acl VALUES ('ed3bd775-ad2e-43d4-b9a4-7cfcf5ccb79d', '2020-11-25 13:19:39.01271', '2020-11-25 13:19:39.01271', 'maint', 'maint', 'acl', 'system', 0, true, 'acl', 'record', 'create', NULL);
INSERT INTO system.acl VALUES ('3d0718fa-8cae-4814-aba2-b7818d5d06da', '2020-11-25 13:19:39.01271', '2020-11-25 13:19:39.01271', 'maint', 'maint', 'acl', 'system', 0, true, 'acl', 'record', 'read', NULL);
INSERT INTO system.acl VALUES ('f4753853-93ee-4e3a-8b7b-9a3281ac2e06', '2020-11-25 13:19:39.01271', '2020-11-25 13:19:39.01271', 'maint', 'maint', 'acl', 'system', 0, true, 'acl', 'record', 'update', NULL);
INSERT INTO system.acl VALUES ('807c5ec8-764d-45c8-8c40-d346ee29d297', '2020-11-25 13:19:39.01271', '2020-11-25 13:19:39.01271', 'maint', 'maint', 'acl', 'system', 0, true, 'acl', 'record', 'delete', NULL);
INSERT INTO system.acl VALUES ('5154bf17-c3ee-419b-b6f0-fa5498d403cf', '2020-11-25 13:19:39.01271', '2020-11-25 13:19:39.01271', 'maint', 'maint', 'acl', 'system', 0, true, 'field_label', 'record', 'create', NULL);
INSERT INTO system.acl VALUES ('aca907fc-a5f7-4b4c-8ab6-46bce2e1eb2b', '2020-11-25 13:19:39.01271', '2020-11-25 13:19:39.01271', 'maint', 'maint', 'acl', 'system', 0, true, 'field_label', 'record', 'read', NULL);
INSERT INTO system.acl VALUES ('63e9a20c-caf7-4f76-ab63-bcfcdc6217da', '2020-11-25 13:19:39.01271', '2020-11-25 13:19:39.01271', 'maint', 'maint', 'acl', 'system', 0, true, 'field_label', 'record', 'update', NULL);
INSERT INTO system.acl VALUES ('d443faf4-1010-4798-9874-28a02686ffec', '2020-11-25 13:19:39.01271', '2020-11-25 13:19:39.01271', 'maint', 'maint', 'acl', 'system', 0, true, 'field_label', 'record', 'delete', NULL);
INSERT INTO system.acl VALUES ('baf670de-29b3-4824-be62-4f4fe7ff5f3c', '2020-11-25 13:19:39.01271', '2020-11-25 13:19:39.01271', 'maint', 'maint', 'acl', 'system', 0, true, 'group', 'record', 'create', NULL);
INSERT INTO system.acl VALUES ('529922ec-b696-4fb1-9182-00d413d1dd61', '2020-11-25 13:19:39.01271', '2020-11-25 13:19:39.01271', 'maint', 'maint', 'acl', 'system', 0, true, 'group', 'record', 'read', NULL);
INSERT INTO system.acl VALUES ('fbbc94f4-2bdc-4b58-bdec-2506a1c1d785', '2020-11-25 13:19:39.01271', '2020-11-25 13:19:39.01271', 'maint', 'maint', 'acl', 'system', 0, true, 'group', 'record', 'update', NULL);
INSERT INTO system.acl VALUES ('c768cde9-0236-469f-884d-a567b66839b5', '2020-11-25 13:19:39.01271', '2020-11-25 13:19:39.01271', 'maint', 'maint', 'acl', 'system', 0, true, 'group', 'record', 'delete', NULL);
INSERT INTO system.acl VALUES ('d9b09d9d-f286-45b8-92f3-4cc7697a9e77', '2020-11-25 13:19:39.01271', '2020-11-25 13:19:39.01271', 'maint', 'maint', 'acl', 'system', 0, true, 'role', 'record', 'create', NULL);
INSERT INTO system.acl VALUES ('cfdfbd36-6dc3-4000-9e69-9e86257b2fe8', '2020-11-25 13:19:39.01271', '2020-11-25 13:19:39.01271', 'maint', 'maint', 'acl', 'system', 0, true, 'role', 'record', 'read', NULL);
INSERT INTO system.acl VALUES ('37c2e745-b4a1-4506-bec0-6f5035eca937', '2020-11-25 13:19:39.01271', '2020-11-25 13:19:39.01271', 'maint', 'maint', 'acl', 'system', 0, true, 'role', 'record', 'update', NULL);
INSERT INTO system.acl VALUES ('c02d0d6f-a31a-44d7-a7cc-b60fb5402813', '2020-11-25 13:19:39.01271', '2020-11-25 13:19:39.01271', 'maint', 'maint', 'acl', 'system', 0, true, 'role', 'record', 'delete', NULL);
INSERT INTO system.acl VALUES ('847474d3-c735-4e53-8844-e993e685100f', '2020-11-25 13:19:39.01271', '2020-11-25 13:19:39.01271', 'maint', 'maint', 'acl', 'system', 0, true, 'server_script', 'record', 'create', NULL);
INSERT INTO system.acl VALUES ('286655db-64f4-433a-8422-70ebd2a31291', '2020-11-25 13:19:39.01271', '2020-11-25 13:19:39.01271', 'maint', 'maint', 'acl', 'system', 0, true, 'server_script', 'record', 'read', NULL);
INSERT INTO system.acl VALUES ('a1bbdea7-bd4f-4062-85b1-1ad258f407ad', '2020-11-25 13:19:39.01271', '2020-11-25 13:19:39.01271', 'maint', 'maint', 'acl', 'system', 0, true, 'server_script', 'record', 'update', NULL);
INSERT INTO system.acl VALUES ('2972bc14-0ad1-48c4-a242-a144f6d39bd0', '2020-11-25 13:19:39.01271', '2020-11-25 13:19:39.01271', 'maint', 'maint', 'acl', 'system', 0, true, 'server_script', 'record', 'delete', NULL);
INSERT INTO system.acl VALUES ('210a6fe3-e707-4955-a236-da43792ce9be', '2020-11-25 13:19:39.01271', '2020-11-25 13:19:39.01271', 'maint', 'maint', 'acl', 'system', 0, true, 'ui_action', 'record', 'create', NULL);
INSERT INTO system.acl VALUES ('8bab1205-e350-40f9-a6b9-00b68d8a458d', '2020-11-25 13:19:39.01271', '2020-11-25 13:19:39.01271', 'maint', 'maint', 'acl', 'system', 0, true, 'ui_action', 'record', 'read', NULL);
INSERT INTO system.acl VALUES ('9c942cae-8d42-416c-8a66-98b5ba9e5836', '2020-11-25 13:19:39.01271', '2020-11-25 13:19:39.01271', 'maint', 'maint', 'acl', 'system', 0, true, 'ui_action', 'record', 'update', NULL);
INSERT INTO system.acl VALUES ('29584631-c8f3-4e70-ae0b-b437b39e4389', '2020-11-25 13:19:39.01271', '2020-11-25 13:19:39.01271', 'maint', 'maint', 'acl', 'system', 0, true, 'ui_action', 'record', 'delete', NULL);
INSERT INTO system.acl VALUES ('1643bbaa-d798-4dfa-b561-b6651598cedf', '2020-11-25 13:19:39.01271', '2020-11-25 13:19:39.01271', 'maint', 'maint', 'acl', 'system', 0, true, 'user', 'record', 'create', NULL);
INSERT INTO system.acl VALUES ('31513fc0-a6cc-4b4b-8d97-976fec369156', '2020-11-25 13:19:39.01271', '2020-11-25 13:19:39.01271', 'maint', 'maint', 'acl', 'system', 0, true, 'user', 'record', 'read', NULL);
INSERT INTO system.acl VALUES ('5efbcfb0-3bd8-45ae-bdaf-e992b6b72bec', '2020-11-25 13:19:39.01271', '2020-11-25 13:19:39.01271', 'maint', 'maint', 'acl', 'system', 0, true, 'user', 'record', 'update', NULL);
INSERT INTO system.acl VALUES ('3adaa1ff-3881-4ec6-83cd-bd402819c506', '2020-11-25 13:19:39.01271', '2020-11-25 13:19:39.01271', 'maint', 'maint', 'acl', 'system', 0, true, 'user', 'record', 'delete', NULL);
INSERT INTO system.acl VALUES ('2fad69a9-3af1-43fe-bc7f-b985f6284ec2', '2020-11-25 13:19:39.8423', '2020-11-25 13:19:39.8423', 'admin', 'admin', 'acl', 'system', 0, true, 'company', 'record', 'read', NULL);
INSERT INTO system.acl VALUES ('416e8e1f-2e1f-49cb-a1cf-893cb29a701d', '2020-11-25 13:19:39.8423', '2020-11-25 13:19:39.8423', 'admin', 'admin', 'acl', 'system', 0, true, 'company', 'record', 'create', NULL);
INSERT INTO system.acl VALUES ('0a0497fb-bd2c-4eb7-876f-dbe280e5d2a5', '2020-11-25 13:19:39.8423', '2020-11-25 13:19:39.8423', 'admin', 'admin', 'acl', 'system', 0, true, 'company', 'record', 'update', NULL);
INSERT INTO system.acl VALUES ('5de5446a-8db9-4b8b-a716-ad20f2ac634e', '2020-11-25 13:19:39.8423', '2020-11-25 13:19:39.8423', 'admin', 'admin', 'acl', 'system', 0, true, 'company', 'record', 'delete', NULL);
INSERT INTO system.acl VALUES ('cc140caf-2951-4ab4-a5b7-a3a54e0d15d0', '2020-11-25 13:19:39.8423', '2020-11-25 13:19:39.8423', 'admin', 'admin', 'acl', 'system', 0, true, 'cost_centre', 'record', 'read', NULL);
INSERT INTO system.acl VALUES ('7924961d-3aea-4e2e-ab04-d421d0604687', '2020-11-25 13:19:39.8423', '2020-11-25 13:19:39.8423', 'admin', 'admin', 'acl', 'system', 0, true, 'cost_centre', 'record', 'create', NULL);
INSERT INTO system.acl VALUES ('7debad59-1a27-4148-854f-74c147f0fdd4', '2020-11-25 13:19:39.8423', '2020-11-25 13:19:39.8423', 'admin', 'admin', 'acl', 'system', 0, true, 'cost_centre', 'record', 'update', NULL);
INSERT INTO system.acl VALUES ('c1ca0025-4039-4f63-83bc-a95e110c79ce', '2020-11-25 13:19:39.8423', '2020-11-25 13:19:39.8423', 'admin', 'admin', 'acl', 'system', 0, true, 'cost_centre', 'record', 'delete', NULL);
INSERT INTO system.acl VALUES ('aa455991-3937-4f5c-a81a-127652164f42', '2020-11-25 13:19:39.8423', '2020-11-25 13:19:39.8423', 'admin', 'admin', 'acl', 'system', 0, true, 'department', 'record', 'read', NULL);
INSERT INTO system.acl VALUES ('9cec7999-933c-420a-a393-926dfe9d0d51', '2020-11-25 13:19:39.8423', '2020-11-25 13:19:39.8423', 'admin', 'admin', 'acl', 'system', 0, true, 'department', 'record', 'create', NULL);
INSERT INTO system.acl VALUES ('b33c5d82-8d08-4737-962c-e788d7c28825', '2020-11-25 13:19:39.8423', '2020-11-25 13:19:39.8423', 'admin', 'admin', 'acl', 'system', 0, true, 'department', 'record', 'update', NULL);
INSERT INTO system.acl VALUES ('8c5cdd85-451e-43e2-b1a2-2b79921d3590', '2020-11-25 13:19:39.8423', '2020-11-25 13:19:39.8423', 'admin', 'admin', 'acl', 'system', 0, true, 'department', 'record', 'delete', NULL);
INSERT INTO system.acl VALUES ('1a83da6e-5420-46d1-b5a7-ee392664f807', '2020-11-25 13:19:39.8423', '2020-11-25 13:19:39.8423', 'admin', 'admin', 'acl', 'system', 0, true, 'location', 'record', 'read', NULL);
INSERT INTO system.acl VALUES ('049db614-e790-4c65-8e9f-c0160df3dbd3', '2020-11-25 13:19:39.8423', '2020-11-25 13:19:39.8423', 'admin', 'admin', 'acl', 'system', 0, true, 'location', 'record', 'create', NULL);
INSERT INTO system.acl VALUES ('1cf0cc34-c958-40e0-83f2-eced6dd9c8e9', '2020-11-25 13:19:39.8423', '2020-11-25 13:19:39.8423', 'admin', 'admin', 'acl', 'system', 0, true, 'location', 'record', 'update', NULL);
INSERT INTO system.acl VALUES ('13d764e0-4876-477b-80a9-284f758d571e', '2020-11-25 13:19:39.8423', '2020-11-25 13:19:39.8423', 'admin', 'admin', 'acl', 'system', 0, true, 'location', 'record', 'delete', NULL);
INSERT INTO system.acl VALUES ('37cb4476-9e0a-4dfa-8f63-9c4ce0b6b1e3', '2020-11-25 13:19:39.8423', '2020-11-25 13:19:39.8423', 'admin', 'admin', 'acl', 'system', 0, true, 'task', 'record', 'read', NULL);
INSERT INTO system.acl VALUES ('7e8db818-eb88-4972-bf6f-04367656ef5e', '2020-11-25 13:19:39.8423', '2020-11-25 13:19:39.8423', 'admin', 'admin', 'acl', 'system', 0, true, 'task', 'record', 'create', NULL);
INSERT INTO system.acl VALUES ('fd0fa738-17a4-428e-8616-e1d5c34b573d', '2020-11-25 13:19:39.8423', '2020-11-25 13:19:39.8423', 'admin', 'admin', 'acl', 'system', 0, true, 'task', 'record', 'update', NULL);
INSERT INTO system.acl VALUES ('84805e56-21f5-4207-96cd-dd94c41ab04e', '2020-11-25 13:19:39.8423', '2020-11-25 13:19:39.8423', 'admin', 'admin', 'acl', 'system', 0, true, 'task', 'record', 'delete', NULL);


--
-- Data for Name: role; Type: TABLE DATA; Schema: system; Owner: maint
--

INSERT INTO system.role VALUES ('4ba1cd8b-12d9-4e8d-83c2-f1571e23bcfb', '2020-11-25 13:19:38.558913', '2020-11-25 13:19:38.558913', 'maint', 'maint', 'role', 'system', 0, true, 'admin');
INSERT INTO system.role VALUES ('b948268f-b792-4579-9db8-9012a5b66f65', '2020-11-25 13:19:38.558913', '2020-11-25 13:19:38.558913', 'maint', 'maint', 'role', 'system', 0, true, 'itil');
INSERT INTO system.role VALUES ('13bd9afd-d66c-4979-9972-13a8d3c36b85', '2020-11-25 13:19:38.558913', '2020-11-25 13:19:38.558913', 'maint', 'maint', 'role', 'system', 0, true, 'user');


--
-- Data for Name: acl_requires_role; Type: TABLE DATA; Schema: system; Owner: maint
--

INSERT INTO system.acl_requires_role VALUES ('e1e7ed53-c850-455f-8d83-fde9596fed9a', '2020-11-25 13:19:39.117576', '2020-11-25 13:19:39.117576', 'maint', 'maint', 'acl_requires_role', 'system', 0, true, 'd8ef9ece-f9ef-40d5-bd2d-b616a227a35c', '4ba1cd8b-12d9-4e8d-83c2-f1571e23bcfb');
INSERT INTO system.acl_requires_role VALUES ('3a26c122-d7be-41a9-9c94-84c0a6a59722', '2020-11-25 13:19:39.117775', '2020-11-25 13:19:39.117775', 'maint', 'maint', 'acl_requires_role', 'system', 0, true, 'c0578f1e-a69f-4437-b302-470d7d87cbf3', '4ba1cd8b-12d9-4e8d-83c2-f1571e23bcfb');
INSERT INTO system.acl_requires_role VALUES ('07aa7f8e-b641-4de1-958b-9320d0e2b4b4', '2020-11-25 13:19:39.117921', '2020-11-25 13:19:39.117921', 'maint', 'maint', 'acl_requires_role', 'system', 0, true, 'ddfa5833-65b9-44f6-88e3-eab938a5a7d8', '4ba1cd8b-12d9-4e8d-83c2-f1571e23bcfb');
INSERT INTO system.acl_requires_role VALUES ('122f43d0-a4e4-4a2c-beba-4aa2acac66db', '2020-11-25 13:19:39.118048', '2020-11-25 13:19:39.118048', 'maint', 'maint', 'acl_requires_role', 'system', 0, true, 'b6364d6c-c5da-4900-8df8-d3dfe506dfd5', '4ba1cd8b-12d9-4e8d-83c2-f1571e23bcfb');
INSERT INTO system.acl_requires_role VALUES ('cbe2a25d-f7d6-4f3b-aa05-34580edfc03b', '2020-11-25 13:19:39.118162', '2020-11-25 13:19:39.118162', 'maint', 'maint', 'acl_requires_role', 'system', 0, true, 'ed3bd775-ad2e-43d4-b9a4-7cfcf5ccb79d', '4ba1cd8b-12d9-4e8d-83c2-f1571e23bcfb');
INSERT INTO system.acl_requires_role VALUES ('8972864e-61de-42b7-84f0-f99f824f9d54', '2020-11-25 13:19:39.118279', '2020-11-25 13:19:39.118279', 'maint', 'maint', 'acl_requires_role', 'system', 0, true, '3d0718fa-8cae-4814-aba2-b7818d5d06da', '4ba1cd8b-12d9-4e8d-83c2-f1571e23bcfb');
INSERT INTO system.acl_requires_role VALUES ('f48319f7-ce56-4731-88e7-7ba742e41de8', '2020-11-25 13:19:39.118411', '2020-11-25 13:19:39.118411', 'maint', 'maint', 'acl_requires_role', 'system', 0, true, 'f4753853-93ee-4e3a-8b7b-9a3281ac2e06', '4ba1cd8b-12d9-4e8d-83c2-f1571e23bcfb');
INSERT INTO system.acl_requires_role VALUES ('ccdb66d3-c51f-46a3-ac4a-ace7a5f1cc40', '2020-11-25 13:19:39.118541', '2020-11-25 13:19:39.118541', 'maint', 'maint', 'acl_requires_role', 'system', 0, true, '807c5ec8-764d-45c8-8c40-d346ee29d297', '4ba1cd8b-12d9-4e8d-83c2-f1571e23bcfb');
INSERT INTO system.acl_requires_role VALUES ('f831a0c9-2d97-416f-bc84-a0fd918af1bc', '2020-11-25 13:19:39.118659', '2020-11-25 13:19:39.118659', 'maint', 'maint', 'acl_requires_role', 'system', 0, true, '5154bf17-c3ee-419b-b6f0-fa5498d403cf', '4ba1cd8b-12d9-4e8d-83c2-f1571e23bcfb');
INSERT INTO system.acl_requires_role VALUES ('05f0a2f2-79da-4abf-8dbd-2fe612a666ba', '2020-11-25 13:19:39.119692', '2020-11-25 13:19:39.119692', 'maint', 'maint', 'acl_requires_role', 'system', 0, true, 'aca907fc-a5f7-4b4c-8ab6-46bce2e1eb2b', '4ba1cd8b-12d9-4e8d-83c2-f1571e23bcfb');
INSERT INTO system.acl_requires_role VALUES ('ba4f2dc7-fee2-4b4b-a144-0c9c337ed82f', '2020-11-25 13:19:39.137835', '2020-11-25 13:19:39.137835', 'maint', 'maint', 'acl_requires_role', 'system', 0, true, '63e9a20c-caf7-4f76-ab63-bcfcdc6217da', '4ba1cd8b-12d9-4e8d-83c2-f1571e23bcfb');
INSERT INTO system.acl_requires_role VALUES ('8f8afc87-527c-4e98-ada2-509592b13e9b', '2020-11-25 13:19:39.137976', '2020-11-25 13:19:39.137976', 'maint', 'maint', 'acl_requires_role', 'system', 0, true, 'd443faf4-1010-4798-9874-28a02686ffec', '4ba1cd8b-12d9-4e8d-83c2-f1571e23bcfb');
INSERT INTO system.acl_requires_role VALUES ('8a9eccf4-32b1-4c31-ae59-a14be183baeb', '2020-11-25 13:19:39.141601', '2020-11-25 13:19:39.141601', 'maint', 'maint', 'acl_requires_role', 'system', 0, true, 'baf670de-29b3-4824-be62-4f4fe7ff5f3c', '4ba1cd8b-12d9-4e8d-83c2-f1571e23bcfb');
INSERT INTO system.acl_requires_role VALUES ('86fadf20-e119-45c9-b9bf-0fd670994e3b', '2020-11-25 13:19:39.142621', '2020-11-25 13:19:39.142621', 'maint', 'maint', 'acl_requires_role', 'system', 0, true, '529922ec-b696-4fb1-9182-00d413d1dd61', 'b948268f-b792-4579-9db8-9012a5b66f65');
INSERT INTO system.acl_requires_role VALUES ('10f54dd7-4f81-487d-8be5-e31e1a6a52c2', '2020-11-25 13:19:39.142882', '2020-11-25 13:19:39.142882', 'maint', 'maint', 'acl_requires_role', 'system', 0, true, 'fbbc94f4-2bdc-4b58-bdec-2506a1c1d785', '4ba1cd8b-12d9-4e8d-83c2-f1571e23bcfb');
INSERT INTO system.acl_requires_role VALUES ('38f461b9-15f5-4f71-a94e-3d386ebcb35d', '2020-11-25 13:19:39.143816', '2020-11-25 13:19:39.143816', 'maint', 'maint', 'acl_requires_role', 'system', 0, true, 'c768cde9-0236-469f-884d-a567b66839b5', '4ba1cd8b-12d9-4e8d-83c2-f1571e23bcfb');
INSERT INTO system.acl_requires_role VALUES ('8d48dc49-359a-4b5e-aac5-26495055b92d', '2020-11-25 13:19:39.144057', '2020-11-25 13:19:39.144057', 'maint', 'maint', 'acl_requires_role', 'system', 0, true, 'd9b09d9d-f286-45b8-92f3-4cc7697a9e77', '4ba1cd8b-12d9-4e8d-83c2-f1571e23bcfb');
INSERT INTO system.acl_requires_role VALUES ('9796ad4e-4496-4b10-8df0-f93b6ec3c996', '2020-11-25 13:19:39.148201', '2020-11-25 13:19:39.148201', 'maint', 'maint', 'acl_requires_role', 'system', 0, true, 'cfdfbd36-6dc3-4000-9e69-9e86257b2fe8', 'b948268f-b792-4579-9db8-9012a5b66f65');
INSERT INTO system.acl_requires_role VALUES ('8a58b7a8-4210-47d6-8256-9576c3660f63', '2020-11-25 13:19:39.150056', '2020-11-25 13:19:39.150056', 'maint', 'maint', 'acl_requires_role', 'system', 0, true, '37c2e745-b4a1-4506-bec0-6f5035eca937', '4ba1cd8b-12d9-4e8d-83c2-f1571e23bcfb');
INSERT INTO system.acl_requires_role VALUES ('e9c2bc05-1904-43fa-b4be-85449c3b602b', '2020-11-25 13:19:39.153357', '2020-11-25 13:19:39.153357', 'maint', 'maint', 'acl_requires_role', 'system', 0, true, 'c02d0d6f-a31a-44d7-a7cc-b60fb5402813', '4ba1cd8b-12d9-4e8d-83c2-f1571e23bcfb');
INSERT INTO system.acl_requires_role VALUES ('93df0af1-e0b0-4057-b7ea-5f58b14530bf', '2020-11-25 13:19:39.168227', '2020-11-25 13:19:39.168227', 'maint', 'maint', 'acl_requires_role', 'system', 0, true, '2972bc14-0ad1-48c4-a242-a144f6d39bd0', '4ba1cd8b-12d9-4e8d-83c2-f1571e23bcfb');
INSERT INTO system.acl_requires_role VALUES ('93a4bbd2-416f-42bf-9046-5b3378e2e1f8', '2020-11-25 13:19:39.166381', '2020-11-25 13:19:39.166381', 'maint', 'maint', 'acl_requires_role', 'system', 0, true, '847474d3-c735-4e53-8844-e993e685100f', '4ba1cd8b-12d9-4e8d-83c2-f1571e23bcfb');
INSERT INTO system.acl_requires_role VALUES ('195e126e-efba-400e-8ef9-c909174b34d5', '2020-11-25 13:19:39.166583', '2020-11-25 13:19:39.166583', 'maint', 'maint', 'acl_requires_role', 'system', 0, true, '286655db-64f4-433a-8422-70ebd2a31291', '4ba1cd8b-12d9-4e8d-83c2-f1571e23bcfb');
INSERT INTO system.acl_requires_role VALUES ('dd17f643-e3bc-404f-a730-a4a55752e441', '2020-11-25 13:19:39.166708', '2020-11-25 13:19:39.166708', 'maint', 'maint', 'acl_requires_role', 'system', 0, true, 'a1bbdea7-bd4f-4062-85b1-1ad258f407ad', '4ba1cd8b-12d9-4e8d-83c2-f1571e23bcfb');
INSERT INTO system.acl_requires_role VALUES ('50b1db18-80a6-4dfb-814c-e6572d1c4886', '2020-11-25 13:19:39.168646', '2020-11-25 13:19:39.168646', 'maint', 'maint', 'acl_requires_role', 'system', 0, true, '210a6fe3-e707-4955-a236-da43792ce9be', '4ba1cd8b-12d9-4e8d-83c2-f1571e23bcfb');
INSERT INTO system.acl_requires_role VALUES ('0a5a452e-30b8-4e92-8ac3-ceb74940e621', '2020-11-25 13:19:39.175658', '2020-11-25 13:19:39.175658', 'maint', 'maint', 'acl_requires_role', 'system', 0, true, '29584631-c8f3-4e70-ae0b-b437b39e4389', '4ba1cd8b-12d9-4e8d-83c2-f1571e23bcfb');
INSERT INTO system.acl_requires_role VALUES ('c9a1551b-e53c-4010-b673-b64490ba14ff', '2020-11-25 13:19:39.169654', '2020-11-25 13:19:39.169654', 'maint', 'maint', 'acl_requires_role', 'system', 0, true, '8bab1205-e350-40f9-a6b9-00b68d8a458d', '4ba1cd8b-12d9-4e8d-83c2-f1571e23bcfb');
INSERT INTO system.acl_requires_role VALUES ('35c339ca-dff7-4862-967d-7dd80d4ab4f9', '2020-11-25 13:19:39.172452', '2020-11-25 13:19:39.172452', 'maint', 'maint', 'acl_requires_role', 'system', 0, true, '9c942cae-8d42-416c-8a66-98b5ba9e5836', '4ba1cd8b-12d9-4e8d-83c2-f1571e23bcfb');
INSERT INTO system.acl_requires_role VALUES ('9c7c3e53-463d-4f52-a55c-54e72bd79e3e', '2020-11-25 13:19:39.176361', '2020-11-25 13:19:39.176361', 'maint', 'maint', 'acl_requires_role', 'system', 0, true, '1643bbaa-d798-4dfa-b561-b6651598cedf', '4ba1cd8b-12d9-4e8d-83c2-f1571e23bcfb');
INSERT INTO system.acl_requires_role VALUES ('554ae4ea-c766-45ac-8b1a-3e0ce65a9999', '2020-11-25 13:19:39.182104', '2020-11-25 13:19:39.182104', 'maint', 'maint', 'acl_requires_role', 'system', 0, true, '31513fc0-a6cc-4b4b-8d97-976fec369156', 'b948268f-b792-4579-9db8-9012a5b66f65');
INSERT INTO system.acl_requires_role VALUES ('aecee88e-98b7-40dd-bcd7-db28830d6737', '2020-11-25 13:19:39.194137', '2020-11-25 13:19:39.194137', 'maint', 'maint', 'acl_requires_role', 'system', 0, true, '5efbcfb0-3bd8-45ae-bdaf-e992b6b72bec', '4ba1cd8b-12d9-4e8d-83c2-f1571e23bcfb');
INSERT INTO system.acl_requires_role VALUES ('79b8b311-3002-4bd0-8719-c9d00d08bfbf', '2020-11-25 13:19:39.197324', '2020-11-25 13:19:39.197324', 'maint', 'maint', 'acl_requires_role', 'system', 0, true, '3adaa1ff-3881-4ec6-83cd-bd402819c506', '4ba1cd8b-12d9-4e8d-83c2-f1571e23bcfb');
INSERT INTO system.acl_requires_role VALUES ('22efaf19-57f2-4576-ab05-dc0e48b3965a', '2020-11-25 13:19:39.224265', '2020-11-25 13:19:39.224265', 'maint', 'maint', 'acl_requires_role', 'system', 0, true, '529922ec-b696-4fb1-9182-00d413d1dd61', '4ba1cd8b-12d9-4e8d-83c2-f1571e23bcfb');
INSERT INTO system.acl_requires_role VALUES ('76ed4af1-f15a-4644-93f7-4b7118cd2268', '2020-11-25 13:19:39.225529', '2020-11-25 13:19:39.225529', 'maint', 'maint', 'acl_requires_role', 'system', 0, true, 'cfdfbd36-6dc3-4000-9e69-9e86257b2fe8', '4ba1cd8b-12d9-4e8d-83c2-f1571e23bcfb');
INSERT INTO system.acl_requires_role VALUES ('562c8e6c-1abc-4920-b2b7-a42f666cfc91', '2020-11-25 13:19:39.235707', '2020-11-25 13:19:39.235707', 'maint', 'maint', 'acl_requires_role', 'system', 0, true, '31513fc0-a6cc-4b4b-8d97-976fec369156', '4ba1cd8b-12d9-4e8d-83c2-f1571e23bcfb');


--
-- Data for Name: dbo; Type: TABLE DATA; Schema: system; Owner: maint
--

INSERT INTO system.dbo VALUES ('9274136f-268b-41ba-a567-e0adc7d08c94', '2020-11-25 13:19:38.303322', '2020-11-25 13:19:38.303322', 'maint', 'maint', 'dbo', 'system', 0, true, 'dbo', 'Table', NULL, NULL, false, NULL, NULL, 'system');
INSERT INTO system.dbo VALUES ('e81def04-82af-46d7-bb6c-756e9c12257f', '2020-11-25 13:19:38.303322', '2020-11-25 13:19:38.303322', 'maint', 'maint', 'dbo', 'system', 0, true, 'user', 'User', NULL, NULL, false, NULL, NULL, 'system');
INSERT INTO system.dbo VALUES ('47261066-31a0-4edd-a869-9c93e01851b1', '2020-11-25 13:19:38.303322', '2020-11-25 13:19:38.303322', 'maint', 'maint', 'dbo', 'system', 0, true, 'dictionary', 'Dictionary', NULL, NULL, false, NULL, NULL, 'system');
INSERT INTO system.dbo VALUES ('f33e7d58-f562-41fc-8863-b3be751f4c7d', '2020-11-25 13:19:38.303322', '2020-11-25 13:19:38.303322', 'maint', 'maint', 'dbo', 'system', 0, true, 'acl', 'Access Control', NULL, NULL, false, NULL, NULL, 'system');
INSERT INTO system.dbo VALUES ('b6a12c6f-6d7b-4b17-803b-7f5a1c1b4edc', '2020-11-25 13:19:38.303322', '2020-11-25 13:19:38.303322', 'maint', 'maint', 'dbo', 'system', 0, true, 'acl_requires_role', 'ACL Requires Role', NULL, NULL, false, NULL, NULL, 'system');
INSERT INTO system.dbo VALUES ('11b88568-554e-4518-8f3e-26e73c6bf758', '2020-11-25 13:19:38.303322', '2020-11-25 13:19:38.303322', 'maint', 'maint', 'dbo', 'system', 0, true, 'field_label', 'Field Label', NULL, NULL, false, NULL, NULL, 'system');
INSERT INTO system.dbo VALUES ('35e9549b-ea7a-4b43-9288-7356585b14e9', '2020-11-25 13:19:38.303322', '2020-11-25 13:19:38.303322', 'maint', 'maint', 'dbo', 'system', 0, true, 'group', 'Group', NULL, NULL, false, NULL, NULL, 'system');
INSERT INTO system.dbo VALUES ('e429e01f-9f25-456b-bec1-680a91dfc808', '2020-11-25 13:19:38.303322', '2020-11-25 13:19:38.303322', 'maint', 'maint', 'dbo', 'system', 0, true, 'group_membership', 'Group Membership', NULL, NULL, false, NULL, NULL, 'system');
INSERT INTO system.dbo VALUES ('a6a7b367-76b4-47f2-aef4-b1a10d923ef4', '2020-11-25 13:19:38.303322', '2020-11-25 13:19:38.303322', 'maint', 'maint', 'dbo', 'system', 0, true, 'ui_action', 'UI Action', NULL, NULL, false, NULL, NULL, 'system');
INSERT INTO system.dbo VALUES ('d4c8570a-915e-4ddd-ba3e-401d70bd6858', '2020-11-25 13:19:38.303322', '2020-11-25 13:19:38.303322', 'maint', 'maint', 'dbo', 'system', 0, true, 'ui_action_requires_role', 'UI Action Requires Role', NULL, NULL, false, NULL, NULL, 'system');
INSERT INTO system.dbo VALUES ('0537180e-b484-499b-933f-d6065c871ab1', '2020-11-25 13:19:38.303322', '2020-11-25 13:19:38.303322', 'maint', 'maint', 'dbo', 'system', 0, true, 'server_script', 'Server Script', NULL, NULL, false, NULL, NULL, 'system');
INSERT INTO system.dbo VALUES ('067efe7f-15bf-49df-8753-d45f889326d7', '2020-11-25 13:19:38.303322', '2020-11-25 13:19:38.303322', 'maint', 'maint', 'dbo', 'system', 0, true, 'role', 'Role', NULL, NULL, false, NULL, NULL, 'system');
INSERT INTO system.dbo VALUES ('af22449e-ae67-4283-a8f2-093dedda6494', '2020-11-25 13:19:39.689404', '2020-11-25 13:19:39.689404', 'admin', 'admin', 'dbo', 'system', 0, true, 'company', 'Company', NULL, NULL, false, NULL, NULL, 'core');
INSERT INTO system.dbo VALUES ('5d91760b-bc0a-4809-8cc4-802cb9884f78', '2020-11-25 13:19:39.689404', '2020-11-25 13:19:39.689404', 'admin', 'admin', 'dbo', 'system', 0, true, 'cost_centre', 'Cost Centre', NULL, NULL, false, NULL, NULL, 'core');
INSERT INTO system.dbo VALUES ('76024374-da7a-4179-b8d9-71651dc2d9f8', '2020-11-25 13:19:39.689404', '2020-11-25 13:19:39.689404', 'admin', 'admin', 'dbo', 'system', 0, true, 'department', 'Department', NULL, NULL, false, NULL, NULL, 'core');
INSERT INTO system.dbo VALUES ('ff11ccac-1083-4fb8-ad55-bac57ebc32a1', '2020-11-25 13:19:39.689404', '2020-11-25 13:19:39.689404', 'admin', 'admin', 'dbo', 'system', 0, true, 'location', 'Location', NULL, NULL, false, NULL, NULL, 'core');
INSERT INTO system.dbo VALUES ('c24ae464-ff64-4bfa-be58-4dadc7842e8c', '2020-11-25 13:19:39.689404', '2020-11-25 13:19:39.689404', 'admin', 'admin', 'dbo', 'system', 0, true, 'task', 'Task', NULL, NULL, false, NULL, NULL, 'core');
INSERT INTO system.dbo VALUES ('76b0e61a-7bd7-40e3-b5a6-d313285f53c5', '2020-11-25 13:19:39.934091', '2020-11-25 13:19:39.934091', 'maint', 'maint', 'dbo', 'system', 0, true, 'ci', 'Configuration Item', NULL, NULL, false, NULL, NULL, 'cmdb');
INSERT INTO system.dbo VALUES ('4424ce58-47ef-41e6-8b53-561c982d7644', '2020-11-25 13:19:39.934091', '2020-11-25 13:19:39.934091', 'maint', 'maint', 'dbo', 'system', 0, true, 'hw', 'Hardware', 'cmdb.ci', 'cmdb.ci', false, NULL, NULL, 'cmdb');
INSERT INTO system.dbo VALUES ('5fa93a87-fe94-4aa6-a3df-ce794d4df344', '2020-11-25 13:19:39.934091', '2020-11-25 13:19:39.934091', 'maint', 'maint', 'dbo', 'system', 0, true, 'hw_computer', 'Computer', 'cmdb.hw', 'cmdb.ci', false, NULL, NULL, 'cmdb');
INSERT INTO system.dbo VALUES ('8bf67c4b-666d-499b-85bf-4e037d5cd103', '2020-11-25 13:19:39.934091', '2020-11-25 13:19:39.934091', 'maint', 'maint', 'dbo', 'system', 0, true, 'application', 'Application', 'cmdb.ci', 'cmdb.ci', false, NULL, NULL, 'cmdb');
INSERT INTO system.dbo VALUES ('cd3d68da-5ec2-48e1-be87-ffcb671ff60e', '2020-11-25 13:19:40.087472', '2020-11-25 13:19:40.087472', 'maint', 'maint', 'dbo', 'system', 0, true, 'incident', 'Incident', 'itsm.itsm_task', 'itsm.itsm_task', false, NULL, NULL, 'itsm');
INSERT INTO system.dbo VALUES ('47322617-0204-44de-a9db-90585b9fa9c6', '2020-11-25 13:19:40.087472', '2020-11-25 13:19:40.087472', 'maint', 'maint', 'dbo', 'system', 0, true, 'incident_task', 'Incident Task', 'itsm.itsm_task', 'itsm.itsm_task', false, NULL, NULL, 'itsm');
INSERT INTO system.dbo VALUES ('14e4f530-bf00-4063-9337-c6042e8a3341', '2020-11-25 13:19:40.087472', '2020-11-25 13:19:40.087472', 'maint', 'maint', 'dbo', 'system', 0, true, 'change', 'Change', 'itsm.itsm_task', 'itsm.itsm_task', false, NULL, NULL, 'itsm');
INSERT INTO system.dbo VALUES ('623a6250-c755-4417-b294-add112d9e7c9', '2020-11-25 13:19:40.087472', '2020-11-25 13:19:40.087472', 'maint', 'maint', 'dbo', 'system', 0, true, 'change_task', 'Change Task', 'itsm.itsm_task', 'itsm.itsm_task', false, NULL, NULL, 'itsm');
INSERT INTO system.dbo VALUES ('dabc7d17-bf84-4be5-a163-01f8011868c8', '2020-11-25 13:19:40.087472', '2020-11-25 13:19:40.087472', 'maint', 'maint', 'dbo', 'system', 0, true, 'sla_definition', 'SLA Definition', NULL, NULL, false, NULL, NULL, 'itsm');
INSERT INTO system.dbo VALUES ('c4f20169-2b21-4f57-af44-02f97ebd5c37', '2020-11-25 13:19:40.087472', '2020-11-25 13:19:40.087472', 'maint', 'maint', 'dbo', 'system', 0, true, 'task_sla', 'Task SLA', NULL, NULL, false, NULL, NULL, 'itsm');


--
-- Data for Name: event; Type: TABLE DATA; Schema: system; Owner: maint
--

INSERT INTO system.event VALUES ('45fe6605-8af6-4174-b5fd-af3676879bb7', '2020-11-25 13:19:39.419847', '2020-11-25 13:19:39.419847', 'maint', 'maint', 'event', 'system', 0, true, 'system.entity.create', 'Create a new entity', NULL);


--
-- Data for Name: event_action; Type: TABLE DATA; Schema: system; Owner: maint
--

INSERT INTO system.event_action VALUES ('e142f6d8-cb86-4607-96dd-f39bbfbf286b', '2020-11-25 13:19:39.630925', '2020-11-25 13:19:39.630925', 'maint', 'maint', 'event_action', 'system', 0, true, 'system.entity.create', '');


--
-- Data for Name: event_queue_entry; Type: TABLE DATA; Schema: system; Owner: maint
--



--
-- Data for Name: field_label; Type: TABLE DATA; Schema: system; Owner: maint
--

INSERT INTO system.field_label VALUES ('7989035a-c1db-44c3-8dec-682b996969eb', '2020-11-25 13:19:38.636324', '2020-11-25 13:19:38.636324', 'maint', 'maint', 'field_label', 'system', 0, true, 'GUID', 'dbo', 'cd1953d0-f220-481c-ab19-8661c30e8af4');
INSERT INTO system.field_label VALUES ('94a05048-9843-4a18-b8f9-077b92f6f450', '2020-11-25 13:19:38.636502', '2020-11-25 13:19:38.636502', 'maint', 'maint', 'field_label', 'system', 0, true, 'Created By', 'dbo', 'cb656632-d661-478e-bec1-22386e9b73f0');
INSERT INTO system.field_label VALUES ('8a3c86f8-0f0b-4972-996e-8bde46f65d8d', '2020-11-25 13:19:38.636693', '2020-11-25 13:19:38.636693', 'maint', 'maint', 'field_label', 'system', 0, true, 'Updated By', 'dbo', 'c557a5a4-ea2d-40ab-bb41-9b489776b75b');
INSERT INTO system.field_label VALUES ('b152ce4b-6e7e-4baa-bf2e-64ddb89d2afb', '2020-11-25 13:19:38.636869', '2020-11-25 13:19:38.636869', 'maint', 'maint', 'field_label', 'system', 0, true, 'Created', 'dbo', '64d7324b-4b64-41bc-886b-52ae80f7ca1a');
INSERT INTO system.field_label VALUES ('5e4bec54-11d8-4c4e-8a7c-0410ee28c24d', '2020-11-25 13:19:38.637062', '2020-11-25 13:19:38.637062', 'maint', 'maint', 'field_label', 'system', 0, true, 'Updated', 'dbo', '7c3dd619-53af-4284-810c-9cd953bbfcd6');
INSERT INTO system.field_label VALUES ('6c21ebbe-677c-4be5-a937-a157402a012b', '2020-11-25 13:19:38.637238', '2020-11-25 13:19:38.637238', 'maint', 'maint', 'field_label', 'system', 0, true, 'Class Name', 'dbo', '76d324fb-0c99-4c7c-870a-e544c1732a77');
INSERT INTO system.field_label VALUES ('858ac172-af82-433c-882e-dc7dac7c30a6', '2020-11-25 13:19:38.637416', '2020-11-25 13:19:38.637416', 'maint', 'maint', 'field_label', 'system', 0, true, 'Update count', 'dbo', 'ee24ae45-6c4e-462c-b5ec-99302b76be35');
INSERT INTO system.field_label VALUES ('b87091ea-1e9d-40bf-beb9-526950aaa360', '2020-11-25 13:19:38.637601', '2020-11-25 13:19:38.637601', 'maint', 'maint', 'field_label', 'system', 0, true, 'Scope', 'dbo', '8f9bdfd6-14df-4449-b7c0-c0cbac8ff3f3');
INSERT INTO system.field_label VALUES ('61b9a04c-3dc0-41a5-946a-3a167aff9d78', '2020-11-25 13:19:38.665695', '2020-11-25 13:19:38.665695', 'maint', 'maint', 'field_label', 'system', 0, true, 'GUID', 'user', '06ecd121-19da-4aa2-a761-d65e5db46471');
INSERT INTO system.field_label VALUES ('0a9e8407-0ad5-4c8c-9f94-e1ab9bc9a632', '2020-11-25 13:19:38.665861', '2020-11-25 13:19:38.665861', 'maint', 'maint', 'field_label', 'system', 0, true, 'Created By', 'user', 'fb153aa1-ba91-4ff7-8817-77371dd19e4f');
INSERT INTO system.field_label VALUES ('6b914a61-670c-4d59-8fa3-286669fe25bf', '2020-11-25 13:19:38.666019', '2020-11-25 13:19:38.666019', 'maint', 'maint', 'field_label', 'system', 0, true, 'Updated By', 'user', 'e0925a4b-33b5-4d6e-a6d7-bfe00e50c196');
INSERT INTO system.field_label VALUES ('53fca458-b186-4b18-97a1-8e945a53856c', '2020-11-25 13:19:38.666171', '2020-11-25 13:19:38.666171', 'maint', 'maint', 'field_label', 'system', 0, true, 'Created', 'user', '71bac790-6e74-4844-ac38-317c7777cb3b');
INSERT INTO system.field_label VALUES ('bacd9387-8a8c-46a0-8f09-075501fb414c', '2020-11-25 13:19:38.666362', '2020-11-25 13:19:38.666362', 'maint', 'maint', 'field_label', 'system', 0, true, 'Updated', 'user', '49826663-c9cd-41da-af33-7c40c21f9eaf');
INSERT INTO system.field_label VALUES ('c74c903b-b581-45ae-b313-b9fa9ab09e83', '2020-11-25 13:19:38.666556', '2020-11-25 13:19:38.666556', 'maint', 'maint', 'field_label', 'system', 0, true, 'Class Name', 'user', '015a3e26-1cb2-430e-b0ab-7a0119463624');
INSERT INTO system.field_label VALUES ('1c882fdd-2903-4798-bd7f-caaf1c1026c0', '2020-11-25 13:19:38.666714', '2020-11-25 13:19:38.666714', 'maint', 'maint', 'field_label', 'system', 0, true, 'Update count', 'user', 'c9e38896-5837-478c-9854-48bba499b53c');
INSERT INTO system.field_label VALUES ('98df611f-00c4-424b-bb29-a9ad57a38c60', '2020-11-25 13:19:38.666868', '2020-11-25 13:19:38.666868', 'maint', 'maint', 'field_label', 'system', 0, true, 'Scope', 'user', '98f3ae7d-81b8-4fcc-bb27-621635b42bcf');
INSERT INTO system.field_label VALUES ('acccf2dc-8da7-4647-94af-dfc1b4e05d26', '2020-11-25 13:19:38.686576', '2020-11-25 13:19:38.686576', 'maint', 'maint', 'field_label', 'system', 0, true, 'Scope', 'dictionary', '2c8d0481-d753-4b54-ad3c-9fe4c6189257');
INSERT INTO system.field_label VALUES ('3210611f-e1dd-45eb-9d83-203b9585d820', '2020-11-25 13:19:38.685332', '2020-11-25 13:19:38.685332', 'maint', 'maint', 'field_label', 'system', 0, true, 'GUID', 'dictionary', '0fffb31e-5673-4cf1-bf4e-d0363665813c');
INSERT INTO system.field_label VALUES ('9c0f014e-8f13-445c-b04e-08fa3b99f000', '2020-11-25 13:19:38.685619', '2020-11-25 13:19:38.685619', 'maint', 'maint', 'field_label', 'system', 0, true, 'Created By', 'dictionary', '948313e3-3fb4-4cfa-a0a3-ae331e576b06');
INSERT INTO system.field_label VALUES ('fb6721e6-b3db-43b3-a697-85d881f4cdaa', '2020-11-25 13:19:38.685776', '2020-11-25 13:19:38.685776', 'maint', 'maint', 'field_label', 'system', 0, true, 'Updated By', 'dictionary', '42b83f1d-ba33-4a01-a8f9-b24d18c1c966');
INSERT INTO system.field_label VALUES ('51e98378-a3fe-4411-be6a-9ba4b4a9f32d', '2020-11-25 13:19:38.685921', '2020-11-25 13:19:38.685921', 'maint', 'maint', 'field_label', 'system', 0, true, 'Created', 'dictionary', 'cf2702e6-5516-4b16-9f67-fc21dcb06d1b');
INSERT INTO system.field_label VALUES ('48f3bc45-f363-46bb-b925-f5b3f4eb14c6', '2020-11-25 13:19:38.686067', '2020-11-25 13:19:38.686067', 'maint', 'maint', 'field_label', 'system', 0, true, 'Updated', 'dictionary', '96572c86-ce5c-4793-aafe-0af78be8a472');
INSERT INTO system.field_label VALUES ('efdfda79-720e-40b6-bb4c-75455913d4a7', '2020-11-25 13:19:38.686429', '2020-11-25 13:19:38.686429', 'maint', 'maint', 'field_label', 'system', 0, true, 'Update count', 'dictionary', '2e660824-939b-43e8-b0f9-dc0217179204');
INSERT INTO system.field_label VALUES ('1c3a0aef-95d2-4501-b7aa-88182f94e2c3', '2020-11-25 13:19:38.686254', '2020-11-25 13:19:38.686254', 'maint', 'maint', 'field_label', 'system', 0, true, 'Class Name', 'dictionary', 'c75e5d43-9639-4c8b-965d-810eeeaf85e0');
INSERT INTO system.field_label VALUES ('f5375f50-4d91-4245-85a5-8af11effd54b', '2020-11-25 13:19:38.716775', '2020-11-25 13:19:38.716775', 'maint', 'maint', 'field_label', 'system', 0, true, 'GUID', 'acl', '7cbe698b-6f76-407c-b040-05278b81db8f');
INSERT INTO system.field_label VALUES ('459279f5-a5d3-46ba-a6e0-fe4130b823c0', '2020-11-25 13:19:38.716946', '2020-11-25 13:19:38.716946', 'maint', 'maint', 'field_label', 'system', 0, true, 'Created By', 'acl', 'bdd3c421-24a5-4782-826a-91854cbbbc91');
INSERT INTO system.field_label VALUES ('6b2b3a6a-a5db-4283-960e-644758c88997', '2020-11-25 13:19:38.717123', '2020-11-25 13:19:38.717123', 'maint', 'maint', 'field_label', 'system', 0, true, 'Updated By', 'acl', '4a8a0145-c717-4b7b-a429-9c54a8bdee91');
INSERT INTO system.field_label VALUES ('3909266a-2e1c-497b-8fbb-81eb7bfd5482', '2020-11-25 13:19:38.717287', '2020-11-25 13:19:38.717287', 'maint', 'maint', 'field_label', 'system', 0, true, 'Created', 'acl', '13ca7a34-344f-4c38-af98-927938db5b8e');
INSERT INTO system.field_label VALUES ('36f1996b-6875-49fb-a1f4-0e5b05cf0c20', '2020-11-25 13:19:38.717466', '2020-11-25 13:19:38.717466', 'maint', 'maint', 'field_label', 'system', 0, true, 'Updated', 'acl', '9c45d97f-b59b-46b0-8588-111932bbff70');
INSERT INTO system.field_label VALUES ('6403ca1a-34c6-491e-8f34-3f94edb06a36', '2020-11-25 13:19:38.717627', '2020-11-25 13:19:38.717627', 'maint', 'maint', 'field_label', 'system', 0, true, 'Class Name', 'acl', '7294bb28-20a1-40ae-ad31-eace9bcf8c65');
INSERT INTO system.field_label VALUES ('1c134d84-1c88-4523-adfc-fd4b245643a9', '2020-11-25 13:19:38.717788', '2020-11-25 13:19:38.717788', 'maint', 'maint', 'field_label', 'system', 0, true, 'Update count', 'acl', '8283d8d3-4f01-4421-ad79-b2fcfff9e9d7');
INSERT INTO system.field_label VALUES ('eb40c5da-621d-461f-b591-fe55e5ba9ed2', '2020-11-25 13:19:38.717951', '2020-11-25 13:19:38.717951', 'maint', 'maint', 'field_label', 'system', 0, true, 'Scope', 'acl', 'c1aa291b-5872-4c81-8b59-a525b7911af8');
INSERT INTO system.field_label VALUES ('e37cd015-2fc4-4c27-9f9b-2c48de5609fa', '2020-11-25 13:19:38.737503', '2020-11-25 13:19:38.737503', 'maint', 'maint', 'field_label', 'system', 0, true, 'Updated', 'field_label', 'c9f3b240-2ce3-4604-a0e3-3246a60452bb');
INSERT INTO system.field_label VALUES ('339e1669-463e-4e55-966a-a93d96b3a4f4', '2020-11-25 13:19:38.736928', '2020-11-25 13:19:38.736928', 'maint', 'maint', 'field_label', 'system', 0, true, 'GUID', 'field_label', '7572c513-e6c8-4238-a8d2-80237f5774c6');
INSERT INTO system.field_label VALUES ('74b16805-58eb-471f-90f6-df5de7d3b10b', '2020-11-25 13:19:38.737077', '2020-11-25 13:19:38.737077', 'maint', 'maint', 'field_label', 'system', 0, true, 'Created By', 'field_label', '226cad23-4d3a-4b84-844c-2391510f0514');
INSERT INTO system.field_label VALUES ('e4f05661-3d19-48f1-ac01-c98aed41d691', '2020-11-25 13:19:38.737223', '2020-11-25 13:19:38.737223', 'maint', 'maint', 'field_label', 'system', 0, true, 'Updated By', 'field_label', '061656d2-3ba0-47f1-8940-0a13659a450f');
INSERT INTO system.field_label VALUES ('bdc97b0e-0e41-46d3-b092-3e68d7193cbe', '2020-11-25 13:19:38.737364', '2020-11-25 13:19:38.737364', 'maint', 'maint', 'field_label', 'system', 0, true, 'Created', 'field_label', 'a1cd8c95-5daf-48eb-8cdd-dc9d8b319004');
INSERT INTO system.field_label VALUES ('4e419025-6c34-4965-9fa0-78687d91c2e1', '2020-11-25 13:19:38.737688', '2020-11-25 13:19:38.737688', 'maint', 'maint', 'field_label', 'system', 0, true, 'Class Name', 'field_label', 'eb1a0d4f-7f86-48a9-a7ae-eda8fe9d7f40');
INSERT INTO system.field_label VALUES ('c28e4de7-0bab-41a7-8fac-dd41346a7268', '2020-11-25 13:19:38.737857', '2020-11-25 13:19:38.737857', 'maint', 'maint', 'field_label', 'system', 0, true, 'Update count', 'field_label', '918d0ca9-3d28-410e-b2dd-dc6ef982f806');
INSERT INTO system.field_label VALUES ('f268db6d-076e-44c0-8bcd-8269c407907e', '2020-11-25 13:19:38.739342', '2020-11-25 13:19:38.739342', 'maint', 'maint', 'field_label', 'system', 0, true, 'Scope', 'field_label', '3eb50dd9-9b40-401c-bfaf-574cdb0c2b4a');
INSERT INTO system.field_label VALUES ('5ae316c8-beaf-421b-bf5d-6656f89220ff', '2020-11-25 13:19:38.767544', '2020-11-25 13:19:38.767544', 'maint', 'maint', 'field_label', 'system', 0, true, 'GUID', 'acl_requires_role', '496e11a1-ea78-40db-9569-e067c22055df');
INSERT INTO system.field_label VALUES ('099c8d84-56cf-4cb7-8538-f790bb728106', '2020-11-25 13:19:38.767709', '2020-11-25 13:19:38.767709', 'maint', 'maint', 'field_label', 'system', 0, true, 'Created By', 'acl_requires_role', '145d3c49-f88f-43dc-aa06-64734f10a32f');
INSERT INTO system.field_label VALUES ('fe637ba2-c4da-4139-bd1a-0132d37046c0', '2020-11-25 13:19:38.767876', '2020-11-25 13:19:38.767876', 'maint', 'maint', 'field_label', 'system', 0, true, 'Updated By', 'acl_requires_role', '0c0dda4a-ab9e-4709-928b-3dce9e8cc99d');
INSERT INTO system.field_label VALUES ('72e1c3d5-c210-4fae-9db1-02f4b9c2dc5d', '2020-11-25 13:19:38.768037', '2020-11-25 13:19:38.768037', 'maint', 'maint', 'field_label', 'system', 0, true, 'Created', 'acl_requires_role', '508a1c16-54e2-4ff5-940e-3b6e7bf4ef55');
INSERT INTO system.field_label VALUES ('2a9b17a5-b437-484f-a1e9-2f44867ce36c', '2020-11-25 13:19:38.768195', '2020-11-25 13:19:38.768195', 'maint', 'maint', 'field_label', 'system', 0, true, 'Updated', 'acl_requires_role', '11a8ed22-a916-40ff-a989-eccd91d9b320');
INSERT INTO system.field_label VALUES ('3f18bb31-2ca0-4ea5-be67-cdbf91cdca2b', '2020-11-25 13:19:38.768363', '2020-11-25 13:19:38.768363', 'maint', 'maint', 'field_label', 'system', 0, true, 'Class Name', 'acl_requires_role', '486640ad-834a-4bf1-b3f5-b5e0dc1af1d0');
INSERT INTO system.field_label VALUES ('10145bb6-ace9-421c-8e9c-477ac58472d2', '2020-11-25 13:19:38.768518', '2020-11-25 13:19:38.768518', 'maint', 'maint', 'field_label', 'system', 0, true, 'Update count', 'acl_requires_role', '3d68638a-be77-4c02-8490-0afcc079c59b');
INSERT INTO system.field_label VALUES ('968a1238-0d4f-4fda-ad52-1d1efa4d6d88', '2020-11-25 13:19:38.768676', '2020-11-25 13:19:38.768676', 'maint', 'maint', 'field_label', 'system', 0, true, 'Scope', 'acl_requires_role', '1c804488-e550-49ef-b7ad-a210a1739989');
INSERT INTO system.field_label VALUES ('984ebf29-8208-4fc7-9e21-554c56333f83', '2020-11-25 13:19:38.788192', '2020-11-25 13:19:38.788192', 'maint', 'maint', 'field_label', 'system', 0, true, 'GUID', 'group', '08931afa-a715-4984-abbd-5bfdac20d19c');
INSERT INTO system.field_label VALUES ('efb8a2df-709b-4fca-a90d-a910e6087cc0', '2020-11-25 13:19:38.788384', '2020-11-25 13:19:38.788384', 'maint', 'maint', 'field_label', 'system', 0, true, 'Created By', 'group', 'e118dd16-37ca-4eb1-9d98-69af5368f95d');
INSERT INTO system.field_label VALUES ('a01d455f-a6a3-4b57-be36-b61d810238fb', '2020-11-25 13:19:38.788558', '2020-11-25 13:19:38.788558', 'maint', 'maint', 'field_label', 'system', 0, true, 'Updated By', 'group', '0499dec9-7fe4-484d-8fe5-990a691f5e89');
INSERT INTO system.field_label VALUES ('451aac0f-0629-4473-a8a0-948dd4494b05', '2020-11-25 13:19:38.788747', '2020-11-25 13:19:38.788747', 'maint', 'maint', 'field_label', 'system', 0, true, 'Created', 'group', '9ffbb3bb-0854-416d-b3e2-f70c8d5a8b8f');
INSERT INTO system.field_label VALUES ('83ed653e-9435-4d79-b2e9-241545d3cc13', '2020-11-25 13:19:38.792402', '2020-11-25 13:19:38.792402', 'maint', 'maint', 'field_label', 'system', 0, true, 'Updated', 'group', '56e7711f-9af3-4b44-8482-b5882d5343d9');
INSERT INTO system.field_label VALUES ('dd390fa6-be07-44ca-ad19-6a9380741d51', '2020-11-25 13:19:38.792604', '2020-11-25 13:19:38.792604', 'maint', 'maint', 'field_label', 'system', 0, true, 'Class Name', 'group', 'ecf721b7-493d-400c-a182-22afb62cf470');
INSERT INTO system.field_label VALUES ('281b4a84-1ba3-4cd8-bcc1-be3f4fdb96c0', '2020-11-25 13:19:38.792785', '2020-11-25 13:19:38.792785', 'maint', 'maint', 'field_label', 'system', 0, true, 'Update count', 'group', 'dbc9a789-29f0-4f4a-8db6-6643822cd917');
INSERT INTO system.field_label VALUES ('47c22671-a796-41e2-8f0b-cf5f5fcfed64', '2020-11-25 13:19:38.792957', '2020-11-25 13:19:38.792957', 'maint', 'maint', 'field_label', 'system', 0, true, 'Scope', 'group', 'd8023c58-9205-4258-b4b0-602bfce03dcd');
INSERT INTO system.field_label VALUES ('d9de27e6-86af-44c7-a90c-a52ffafd407a', '2020-11-25 13:19:38.815841', '2020-11-25 13:19:38.815841', 'maint', 'maint', 'field_label', 'system', 0, true, 'Updated', 'group_membership', '64adb93c-5b9b-4314-8af3-0ba6f7565622');
INSERT INTO system.field_label VALUES ('eb1748bc-6bcd-4fa6-9235-454d4925e23d', '2020-11-25 13:19:38.81526', '2020-11-25 13:19:38.81526', 'maint', 'maint', 'field_label', 'system', 0, true, 'GUID', 'group_membership', '6cf8adf1-3c84-4fa0-8ea7-e369e055e4f9');
INSERT INTO system.field_label VALUES ('6b5bd9c7-9181-47d5-9458-2bc5a44ca657', '2020-11-25 13:19:38.815418', '2020-11-25 13:19:38.815418', 'maint', 'maint', 'field_label', 'system', 0, true, 'Created By', 'group_membership', 'a2d29457-c504-485d-91ee-967ce1fb3550');
INSERT INTO system.field_label VALUES ('fb448a83-c362-48a3-9017-9b35a3594b2a', '2020-11-25 13:19:38.815559', '2020-11-25 13:19:38.815559', 'maint', 'maint', 'field_label', 'system', 0, true, 'Updated By', 'group_membership', 'feff252d-371f-4d3b-b3e1-32c9a6e0b89e');
INSERT INTO system.field_label VALUES ('f1c32de6-f0eb-4b03-833c-58a176aeb7c5', '2020-11-25 13:19:38.815703', '2020-11-25 13:19:38.815703', 'maint', 'maint', 'field_label', 'system', 0, true, 'Created', 'group_membership', '3dce1d6b-8db6-46ad-b7cd-a7db14392eed');
INSERT INTO system.field_label VALUES ('0efb4577-88dc-4555-8821-8f3abbd8ef5e', '2020-11-25 13:19:38.842888', '2020-11-25 13:19:38.842888', 'maint', 'maint', 'field_label', 'system', 0, true, 'Created', 'server_script', '26d4e5b2-e9b3-4277-8a48-bf6ee2d9ef14');
INSERT INTO system.field_label VALUES ('c241a64c-7ae0-4ea7-956e-3e4970ed8ed4', '2020-11-25 13:19:38.887193', '2020-11-25 13:19:38.887193', 'maint', 'maint', 'field_label', 'system', 0, true, 'Class Name', 'ui_action_requires_role', 'b3162bbb-db6c-48f0-bf98-d0d955de4bab');
INSERT INTO system.field_label VALUES ('d2cceb6c-fc91-40ba-8dad-eae05510c4af', '2020-11-25 13:19:38.906333', '2020-11-25 13:19:38.906333', 'maint', 'maint', 'field_label', 'system', 0, true, 'Created', 'role', '47118339-dd16-414c-a86a-8c7c61573fdc');
INSERT INTO system.field_label VALUES ('e28e0b1c-6202-43eb-9cad-081d3803c9eb', '2020-11-25 13:19:39.434922', '2020-11-25 13:19:39.434922', 'maint', 'maint', 'field_label', 'system', 0, true, 'Name', 'dbo', 'ad3ec04f-5299-4421-8a0d-52b6b3713ddf');
INSERT INTO system.field_label VALUES ('e2036bb9-f01c-4e07-82e3-3d7f52245430', '2020-11-25 13:19:39.460465', '2020-11-25 13:19:39.460465', 'maint', 'maint', 'field_label', 'system', 0, true, 'Department', 'user', 'd3f83c99-2810-4540-9676-b35214c03e55');
INSERT INTO system.field_label VALUES ('3b2c73de-58de-41a9-a699-00390a25c5df', '2020-11-25 13:19:39.485016', '2020-11-25 13:19:39.485016', 'maint', 'maint', 'field_label', 'system', 0, true, 'Display', 'dictionary', '40b2685b-a27f-4562-b797-3ab7be5afe09');
INSERT INTO system.field_label VALUES ('8750dca7-4600-45b1-864a-c71cf5f41713', '2020-11-25 13:19:39.502088', '2020-11-25 13:19:39.502088', 'maint', 'maint', 'field_label', 'system', 0, true, 'Active', 'acl', '47e5b253-9f19-45ea-8e05-e37017741d4d');
INSERT INTO system.field_label VALUES ('cc204dba-6e18-4b62-9d67-4d80f52da339', '2020-11-25 13:19:39.544522', '2020-11-25 13:19:39.544522', 'maint', 'maint', 'field_label', 'system', 0, true, 'Active', 'group_membership', 'afa45459-d032-4931-8e3f-2da436159328');
INSERT INTO system.field_label VALUES ('8dc16572-9af1-418d-bc6c-008e7ecba786', '2020-11-25 13:19:39.566669', '2020-11-25 13:19:39.566669', 'maint', 'maint', 'field_label', 'system', 0, true, 'Global', 'ui_action', '0ba4e0ae-c09a-4bb6-ad3f-46707e546b3a');
INSERT INTO system.field_label VALUES ('cfd373c3-10ba-40f4-b618-e6501e84ef07', '2020-11-25 13:19:39.611372', '2020-11-25 13:19:39.611372', 'maint', 'maint', 'field_label', 'system', 0, true, 'Name', 'server_script', '8eb81544-7b38-4295-ac95-708ac014c884');
INSERT INTO system.field_label VALUES ('cbe7deff-1b7d-4135-a163-95dea0415abe', '2020-11-25 13:19:39.629554', '2020-11-25 13:19:39.629554', 'maint', 'maint', 'field_label', 'system', 0, true, 'Name', 'role', '5cea3371-a53e-469c-8ba0-bab76a3c24ab');
INSERT INTO system.field_label VALUES ('06402c91-130a-40b2-8bfd-e2db08a53bb4', '2020-11-25 13:19:39.753698', '2020-11-25 13:19:39.753698', 'admin', 'admin', 'field_label', 'system', 0, true, 'Updated By', 'company', 'fd5fb535-c423-4af2-ba4c-6a58229d466c');
INSERT INTO system.field_label VALUES ('e343769c-5d60-4b71-b205-0fa9268198ff', '2020-11-25 13:19:39.76578', '2020-11-25 13:19:39.76578', 'admin', 'admin', 'field_label', 'system', 0, true, 'GUID', 'cost_centre', 'b48f03b4-5712-4427-8c24-86d2cfd5630a');
INSERT INTO system.field_label VALUES ('80437d03-28b0-4ae0-b21b-54280ebee04a', '2020-11-25 13:19:39.779925', '2020-11-25 13:19:39.779925', 'admin', 'admin', 'field_label', 'system', 0, true, 'Scope', 'task', '73f128bf-a119-4a7f-8aa6-e0a2924386e9');
INSERT INTO system.field_label VALUES ('713b9813-a3bf-4bec-8062-5f0991aaa845', '2020-11-25 13:19:39.806337', '2020-11-25 13:19:39.806337', 'admin', 'admin', 'field_label', 'system', 0, true, 'Class Name', 'location', '87b83bff-1ef2-41bc-9cbe-ac7c723fd3e0');
INSERT INTO system.field_label VALUES ('b6415e32-53f0-45c7-93e2-cbd7a2deb9ec', '2020-11-25 13:19:40.021949', '2020-11-25 13:19:40.021949', 'maint', 'maint', 'field_label', 'system', 0, true, 'Class Name', 'hw_computer', 'fba6ec41-ff00-4cc6-97a3-7561dc653e0e');
INSERT INTO system.field_label VALUES ('9197a5c3-df1d-4236-97ea-ee8a7a41511a', '2020-11-25 13:19:40.035864', '2020-11-25 13:19:40.035864', 'maint', 'maint', 'field_label', 'system', 0, true, 'Created', 'application', 'aeae6331-4d89-42bf-b33f-738567d08dec');
INSERT INTO system.field_label VALUES ('d6c56f6e-5490-4403-8cb0-88d106d4ee7c', '2020-11-25 13:19:40.16207', '2020-11-25 13:19:40.16207', 'maint', 'maint', 'field_label', 'system', 0, true, 'GUID', 'incident', 'd7daeba7-5066-4951-9278-1ac0a37dbe33');
INSERT INTO system.field_label VALUES ('83303793-5f4e-469f-8d5d-775544ee1d8d', '2020-11-25 13:19:40.207493', '2020-11-25 13:19:40.207493', 'maint', 'maint', 'field_label', 'system', 0, true, 'Class Name', 'change_task', '91ec5041-1b83-4843-871b-67614acbb2b9');
INSERT INTO system.field_label VALUES ('25b4985b-2620-4741-a554-10a464b0f5bf', '2020-11-25 13:19:40.226129', '2020-11-25 13:19:40.226129', 'maint', 'maint', 'field_label', 'system', 0, true, 'Updated', 'change', '2ebaad55-37dd-4dbb-a37c-fe796d5d2b97');
INSERT INTO system.field_label VALUES ('806db51d-5e61-4638-94da-ee34b2bc0ea6', '2020-11-25 13:19:40.242446', '2020-11-25 13:19:40.242446', 'maint', 'maint', 'field_label', 'system', 0, true, 'Updated By', 'sla_definition', '4d727317-ae25-4d44-919f-a04248a618df');
INSERT INTO system.field_label VALUES ('69829391-8268-4e4e-860f-19387b3e82e9', '2020-11-25 13:19:38.817078', '2020-11-25 13:19:38.817078', 'maint', 'maint', 'field_label', 'system', 0, true, 'Class Name', 'group_membership', 'aec12a87-4392-486c-b23f-a2616c269795');
INSERT INTO system.field_label VALUES ('261e62cd-75ba-49d0-ad4d-bd1725d32e3e', '2020-11-25 13:19:38.843119', '2020-11-25 13:19:38.843119', 'maint', 'maint', 'field_label', 'system', 0, true, 'Updated', 'server_script', 'a4a50bfc-96f2-46d2-8aa8-ec9a6f773c83');
INSERT INTO system.field_label VALUES ('3243a061-bb62-44c5-ac6d-1d3269acb93a', '2020-11-25 13:19:38.887503', '2020-11-25 13:19:38.887503', 'maint', 'maint', 'field_label', 'system', 0, true, 'Scope', 'ui_action_requires_role', '975a6a7e-a3f6-4e57-a9e0-dd80534edf71');
INSERT INTO system.field_label VALUES ('caf0979b-502c-44e1-b31e-d74f9fc51e13', '2020-11-25 13:19:38.906791', '2020-11-25 13:19:38.906791', 'maint', 'maint', 'field_label', 'system', 0, true, 'Update count', 'role', '2f084417-de45-40d7-8d8e-b699d0e19021');
INSERT INTO system.field_label VALUES ('1edaad99-9eea-479c-bfb7-80a1176d4440', '2020-11-25 13:19:39.435299', '2020-11-25 13:19:39.435299', 'maint', 'maint', 'field_label', 'system', 0, true, 'Label', 'dbo', '8ebb9da5-dc2a-459d-9113-efcd04d76dc5');
INSERT INTO system.field_label VALUES ('c2685e1a-3ac1-4d1b-a889-8ec8f0baae95', '2020-11-25 13:19:39.462985', '2020-11-25 13:19:39.462985', 'maint', 'maint', 'field_label', 'system', 0, true, 'Company', 'user', '703fb707-a013-47ef-94c0-dec0376ebb14');
INSERT INTO system.field_label VALUES ('6de8abd8-9fb6-4b83-8a02-9d9840aec652', '2020-11-25 13:19:39.486736', '2020-11-25 13:19:39.486736', 'maint', 'maint', 'field_label', 'system', 0, true, 'Column label', 'dictionary', '0b3f34ae-9267-41ca-93dd-bdc53d6088ad');
INSERT INTO system.field_label VALUES ('60aa74d0-189f-4483-9b37-ecfe9463eb10', '2020-11-25 13:19:39.527372', '2020-11-25 13:19:39.527372', 'maint', 'maint', 'field_label', 'system', 0, true, 'Label', 'field_label', '3ec8f934-6cd9-473f-939a-4a7c0c8c7ef0');
INSERT INTO system.field_label VALUES ('696e931b-6259-4845-accb-90bfb18e49b6', '2020-11-25 13:19:39.552704', '2020-11-25 13:19:39.552704', 'maint', 'maint', 'field_label', 'system', 0, true, 'Active', 'ui_action', 'ce9e4f66-e18f-40a7-88ba-8dd624683f32');
INSERT INTO system.field_label VALUES ('174262b8-4a8a-4e7e-9e31-ad2f302dc269', '2020-11-25 13:19:39.573346', '2020-11-25 13:19:39.573346', 'maint', 'maint', 'field_label', 'system', 0, true, 'Form context', 'ui_action', 'dad0cdb9-acfd-48cf-b6c5-c9b261a8a47d');
INSERT INTO system.field_label VALUES ('b25e0d00-0a87-4645-8f5a-33a0b8a8e371', '2020-11-25 13:19:39.596437', '2020-11-25 13:19:39.596437', 'maint', 'maint', 'field_label', 'system', 0, true, 'Server', 'ui_action', '5ecb5d0f-1566-41d1-9d43-0b2c3161addb');
INSERT INTO system.field_label VALUES ('82afd055-90de-45fd-8787-4caf852e482b', '2020-11-25 13:19:39.621288', '2020-11-25 13:19:39.621288', 'maint', 'maint', 'field_label', 'system', 0, true, 'Table', 'server_script', '6b123861-e1b4-427a-9833-29fcd00aeb3e');
INSERT INTO system.field_label VALUES ('da2ec8cc-7d3b-4dba-8c66-fc682263ce2e', '2020-11-25 13:19:39.755374', '2020-11-25 13:19:39.755374', 'admin', 'admin', 'field_label', 'system', 0, true, 'Scope', 'company', '48b87349-4202-4a8d-a34c-4b630724007c');
INSERT INTO system.field_label VALUES ('349c2286-ff89-4ae6-9e2f-e7f3252a98d3', '2020-11-25 13:19:39.766518', '2020-11-25 13:19:39.766518', 'admin', 'admin', 'field_label', 'system', 0, true, 'Scope', 'cost_centre', '8e4af8b6-f44e-43bb-b69d-d38c57caeb56');
INSERT INTO system.field_label VALUES ('5e651afa-35d1-4b34-a776-0460a2bfa751', '2020-11-25 13:19:39.779821', '2020-11-25 13:19:39.779821', 'admin', 'admin', 'field_label', 'system', 0, true, 'Update count', 'task', '06591c67-5332-4615-92f7-b51e485caadd');
INSERT INTO system.field_label VALUES ('6c260e90-9710-4ed7-b4c6-c70171909d27', '2020-11-25 13:19:39.793664', '2020-11-25 13:19:39.793664', 'admin', 'admin', 'field_label', 'system', 0, true, 'Updated', 'department', '8a538b24-374f-4f72-b58c-cd37153ad4ee');
INSERT INTO system.field_label VALUES ('1f12ba50-2511-4f63-84ee-812dcb468a1b', '2020-11-25 13:19:39.806016', '2020-11-25 13:19:39.806016', 'admin', 'admin', 'field_label', 'system', 0, true, 'Updated By', 'location', '6da1925a-147b-48a9-ae6b-29b795bd8cb5');
INSERT INTO system.field_label VALUES ('a22d9ce0-b070-491e-8039-858a75defc9a', '2020-11-25 13:19:39.987218', '2020-11-25 13:19:39.987218', 'maint', 'maint', 'field_label', 'system', 0, true, 'Created By', 'ci', '129051d8-778a-437f-b47e-15761f363d2d');
INSERT INTO system.field_label VALUES ('687166a1-8545-4b55-b14f-c9e87ba929c1', '2020-11-25 13:19:40.005558', '2020-11-25 13:19:40.005558', 'maint', 'maint', 'field_label', 'system', 0, true, 'GUID', 'hw', '4fd2bd2d-9b23-47ff-a502-574f8a6d17fd');
INSERT INTO system.field_label VALUES ('52a74422-a97b-46ae-8172-64533043a5a8', '2020-11-25 13:19:40.036096', '2020-11-25 13:19:40.036096', 'maint', 'maint', 'field_label', 'system', 0, true, 'Class Name', 'application', 'c40742b2-34ba-42af-bef1-e69601e5921c');
INSERT INTO system.field_label VALUES ('20282d0e-1472-42fa-bf72-34e80570bc6c', '2020-11-25 13:19:40.181136', '2020-11-25 13:19:40.181136', 'maint', 'maint', 'field_label', 'system', 0, true, 'Class Name', 'incident_task', 'e9f115c8-1c0b-4d11-8a13-c368729c8556');
INSERT INTO system.field_label VALUES ('dfe90216-1b3c-41d1-9b21-b1802ffb3117', '2020-11-25 13:19:40.207288', '2020-11-25 13:19:40.207288', 'maint', 'maint', 'field_label', 'system', 0, true, 'Created', 'change_task', 'b45e9ff7-f218-45e5-b9a3-62c76b4fe658');
INSERT INTO system.field_label VALUES ('50c8e4e6-9138-46b8-9dd2-416e96fa6a18', '2020-11-25 13:19:40.225707', '2020-11-25 13:19:40.225707', 'maint', 'maint', 'field_label', 'system', 0, true, 'Created By', 'change', '767e56bb-6b97-41c9-8766-1166db953aab');
INSERT INTO system.field_label VALUES ('74b3a854-697a-4061-a600-6d9126e746f3', '2020-11-25 13:19:40.256652', '2020-11-25 13:19:40.256652', 'maint', 'maint', 'field_label', 'system', 0, true, 'Class Name', 'task_sla', '1f1042d1-318f-421c-9548-07dc8a8fb8d1');
INSERT INTO system.field_label VALUES ('8ceab9fd-916b-4d50-a47a-d8efaeaf155a', '2020-11-25 13:19:38.817322', '2020-11-25 13:19:38.817322', 'maint', 'maint', 'field_label', 'system', 0, true, 'Update count', 'group_membership', '5bbca9ab-f1f6-4f7c-8948-9c402a41d5a8');
INSERT INTO system.field_label VALUES ('fc54746a-6522-46b8-93da-aaa02c2d31a2', '2020-11-25 13:19:38.843299', '2020-11-25 13:19:38.843299', 'maint', 'maint', 'field_label', 'system', 0, true, 'Class Name', 'server_script', 'd89cd8b7-4636-43e1-86a3-a31bfc914fc9');
INSERT INTO system.field_label VALUES ('d1426d6f-c027-4b4d-b53f-f8d357b32860', '2020-11-25 13:19:38.866361', '2020-11-25 13:19:38.866361', 'maint', 'maint', 'field_label', 'system', 0, true, 'GUID', 'ui_action', 'a584c77d-8216-4058-94c0-43b9c6dd81ff');
INSERT INTO system.field_label VALUES ('b0ee8d05-90cb-444f-9705-6e09269427be', '2020-11-25 13:19:38.90665', '2020-11-25 13:19:38.90665', 'maint', 'maint', 'field_label', 'system', 0, true, 'Class Name', 'role', 'b04aff9e-72c3-40d9-94cc-54316cb2b634');
INSERT INTO system.field_label VALUES ('091b1a84-f08b-420d-92dd-9eab82541616', '2020-11-25 13:19:39.438504', '2020-11-25 13:19:39.438504', 'maint', 'maint', 'field_label', 'system', 0, true, 'Number prefix', 'dbo', '0cf09372-33aa-496d-89e3-04498e0296f5');
INSERT INTO system.field_label VALUES ('b9d870a3-7c0a-4818-adcf-c1538bde267e', '2020-11-25 13:19:39.456722', '2020-11-25 13:19:39.456722', 'maint', 'maint', 'field_label', 'system', 0, true, 'Last name', 'user', 'e65267d5-1354-426a-872c-85a86e2d396d');
INSERT INTO system.field_label VALUES ('cf3f7f4b-c777-49ec-81b1-dff076f817b3', '2020-11-25 13:19:39.486292', '2020-11-25 13:19:39.486292', 'maint', 'maint', 'field_label', 'system', 0, true, 'Column name', 'dictionary', 'fb530a03-b915-4cd6-a127-3733c44b2337');
INSERT INTO system.field_label VALUES ('f41762be-d05b-49a7-b2cc-70bc6a33b5ca', '2020-11-25 13:19:39.513104', '2020-11-25 13:19:39.513104', 'maint', 'maint', 'field_label', 'system', 0, true, 'Operation', 'acl', 'd4a0479e-2377-4006-b9ae-a675431b7b01');
INSERT INTO system.field_label VALUES ('958e5c4d-f138-4e98-9798-b1624021806e', '2020-11-25 13:19:39.540118', '2020-11-25 13:19:39.540118', 'maint', 'maint', 'field_label', 'system', 0, true, 'Name', 'group', 'e0f705b8-3ce2-40d2-ab6f-10d1de6c360f');
INSERT INTO system.field_label VALUES ('c39fbeba-a949-4a78-822c-7b5e7c307f56', '2020-11-25 13:19:39.567348', '2020-11-25 13:19:39.567348', 'maint', 'maint', 'field_label', 'system', 0, true, 'Order', 'ui_action', '9fabe75c-2c26-43ba-8bf7-d5c87ee6e017');
INSERT INTO system.field_label VALUES ('7d59a08c-5a16-4a10-b7b8-86fd42c6d74c', '2020-11-25 13:19:39.601393', '2020-11-25 13:19:39.601393', 'maint', 'maint', 'field_label', 'system', 0, true, 'Ui action', 'ui_action_requires_role', 'de71b039-083f-4ca3-a519-e09d7f809859');
INSERT INTO system.field_label VALUES ('0129fa9d-df7a-4733-b1ca-9d689723b997', '2020-11-25 13:19:39.624581', '2020-11-25 13:19:39.624581', 'maint', 'maint', 'field_label', 'system', 0, true, 'Order', 'server_script', 'b628cad8-fbee-4640-b998-e05afad75ece');
INSERT INTO system.field_label VALUES ('70fac3dc-12c0-47cb-a5f7-a803aa7784cc', '2020-11-25 13:19:39.754152', '2020-11-25 13:19:39.754152', 'admin', 'admin', 'field_label', 'system', 0, true, 'Created', 'company', '54a3ccc6-be43-45eb-81a3-b59a477001fe');
INSERT INTO system.field_label VALUES ('76942a13-b514-4c32-a079-c87cbb0c39f9', '2020-11-25 13:19:39.765889', '2020-11-25 13:19:39.765889', 'admin', 'admin', 'field_label', 'system', 0, true, 'Created By', 'cost_centre', '9143e710-7c73-4948-b720-3dc7e21e6b79');
INSERT INTO system.field_label VALUES ('371feb47-106e-4f73-86c6-6bddbe11f466', '2020-11-25 13:19:39.794053', '2020-11-25 13:19:39.794053', 'admin', 'admin', 'field_label', 'system', 0, true, 'Scope', 'department', 'c1a0b4a8-e514-466d-bca1-a409c0fab182');
INSERT INTO system.field_label VALUES ('3de8906b-298a-43cc-b702-98645278550d', '2020-11-25 13:19:39.806549', '2020-11-25 13:19:39.806549', 'admin', 'admin', 'field_label', 'system', 0, true, 'Scope', 'location', 'ef665ed2-396d-4fb9-bb79-c82598f631c3');
INSERT INTO system.field_label VALUES ('fad5f308-db98-40bc-9fd5-d9ec9c7fcb13', '2020-11-25 13:19:40.005966', '2020-11-25 13:19:40.005966', 'maint', 'maint', 'field_label', 'system', 0, true, 'Updated', 'hw', '1881aae5-82a8-4afb-a8ea-b31db024457c');
INSERT INTO system.field_label VALUES ('1134b6ce-63ca-45c9-8d14-7afdc212ee1d', '2020-11-25 13:19:40.021648', '2020-11-25 13:19:40.021648', 'maint', 'maint', 'field_label', 'system', 0, true, 'Updated By', 'hw_computer', 'cecb6dcd-1276-4339-8254-3b32c824b421');
INSERT INTO system.field_label VALUES ('5374334c-41fb-4a9d-9464-06da5de0cc18', '2020-11-25 13:19:40.035553', '2020-11-25 13:19:40.035553', 'maint', 'maint', 'field_label', 'system', 0, true, 'GUID', 'application', '8a865971-0ce3-436e-a692-0b14359491d1');
INSERT INTO system.field_label VALUES ('6d1ad70c-3f6b-4132-95f7-6849d8e07311', '2020-11-25 13:19:40.162457', '2020-11-25 13:19:40.162457', 'maint', 'maint', 'field_label', 'system', 0, true, 'Updated', 'incident', '936a9e6a-8886-4b80-a4c2-27d5be79bdd1');
INSERT INTO system.field_label VALUES ('64096134-aa3e-4cb8-9246-ab6555015ca3', '2020-11-25 13:19:40.180843', '2020-11-25 13:19:40.180843', 'maint', 'maint', 'field_label', 'system', 0, true, 'Updated By', 'incident_task', 'e25e7f0d-d35a-4f32-aeeb-2139f7293073');
INSERT INTO system.field_label VALUES ('5a8d6f2c-e1e0-4956-bd81-b12f39b06856', '2020-11-25 13:19:40.206962', '2020-11-25 13:19:40.206962', 'maint', 'maint', 'field_label', 'system', 0, true, 'GUID', 'change_task', '4b2861fa-0432-4ec3-ad9d-ed6167a9e4fb');
INSERT INTO system.field_label VALUES ('1bfa3156-92e0-41ce-9d98-a0902619f8bb', '2020-11-25 13:19:40.24456', '2020-11-25 13:19:40.24456', 'maint', 'maint', 'field_label', 'system', 0, true, 'Class Name', 'sla_definition', '0bf17a32-a183-4746-adbf-254984c3b06a');
INSERT INTO system.field_label VALUES ('656de305-c203-40b0-aaf5-db9bfcdee54e', '2020-11-25 13:19:40.256364', '2020-11-25 13:19:40.256364', 'maint', 'maint', 'field_label', 'system', 0, true, 'Updated By', 'task_sla', 'a9c17a1e-036a-4105-a23c-9954a525e8da');
INSERT INTO system.field_label VALUES ('18ed3f64-adec-421f-8049-7c6696aa0b90', '2020-11-25 13:19:38.817543', '2020-11-25 13:19:38.817543', 'maint', 'maint', 'field_label', 'system', 0, true, 'Scope', 'group_membership', 'c32133ac-a05e-4000-95eb-809db04379b4');
INSERT INTO system.field_label VALUES ('efa3b019-e773-4760-ba51-2d9ba5113d73', '2020-11-25 13:19:38.843712', '2020-11-25 13:19:38.843712', 'maint', 'maint', 'field_label', 'system', 0, true, 'Scope', 'server_script', '435c9591-9f14-433e-b925-3bdbb7b75684');
INSERT INTO system.field_label VALUES ('00b05ee3-8e7b-4056-a8fa-0cc21b33c1f5', '2020-11-25 13:19:38.866976', '2020-11-25 13:19:38.866976', 'maint', 'maint', 'field_label', 'system', 0, true, 'Updated', 'ui_action', 'f618c27c-11bb-4c42-a350-346b5ec82c3a');
INSERT INTO system.field_label VALUES ('68941cda-11cc-410a-9ad2-1c6834992728', '2020-11-25 13:19:38.886718', '2020-11-25 13:19:38.886718', 'maint', 'maint', 'field_label', 'system', 0, true, 'Updated By', 'ui_action_requires_role', 'f9dbe423-ec45-4630-8577-a6c76c6e743a');
INSERT INTO system.field_label VALUES ('5ab97ee7-66a9-4e55-a438-f296855f8664', '2020-11-25 13:19:38.905863', '2020-11-25 13:19:38.905863', 'maint', 'maint', 'field_label', 'system', 0, true, 'GUID', 'role', '194ad2df-0a5b-4807-818d-9368cf634392');
INSERT INTO system.field_label VALUES ('873e74f9-f1a6-4c15-be02-1561d2237c70', '2020-11-25 13:19:39.437286', '2020-11-25 13:19:39.437286', 'maint', 'maint', 'field_label', 'system', 0, true, 'Autonumber', 'dbo', 'b106a509-e431-492f-99bf-59dfc3afc725');
INSERT INTO system.field_label VALUES ('5bfa2d57-9278-40af-baae-c113bfb8f825', '2020-11-25 13:19:39.455848', '2020-11-25 13:19:39.455848', 'maint', 'maint', 'field_label', 'system', 0, true, 'First name', 'user', 'e02411fb-dd06-483f-8f4f-a96a74732000');
INSERT INTO system.field_label VALUES ('077b312d-2e46-44f1-a3b0-3d6ca1671f70', '2020-11-25 13:19:39.473158', '2020-11-25 13:19:39.473158', 'maint', 'maint', 'field_label', 'system', 0, true, 'Read only', 'dictionary', '01640c3b-c378-4377-9aed-8d63af945d1b');
INSERT INTO system.field_label VALUES ('d1775513-8701-40a9-914d-fa0790e10cb1', '2020-11-25 13:19:39.517397', '2020-11-25 13:19:39.517397', 'maint', 'maint', 'field_label', 'system', 0, true, 'Acl', 'acl_requires_role', '71b837aa-95df-475f-9c73-d532e42086eb');
INSERT INTO system.field_label VALUES ('73f56bcb-b577-4aeb-b5c9-f60d9e6271b9', '2020-11-25 13:19:39.549178', '2020-11-25 13:19:39.549178', 'maint', 'maint', 'field_label', 'system', 0, true, 'User', 'group_membership', 'ed2e2ce8-e28c-442a-b9a8-1339b6f7b25c');
INSERT INTO system.field_label VALUES ('a09ffc37-5073-40ef-baaa-920e8c1b72f9', '2020-11-25 13:19:39.570604', '2020-11-25 13:19:39.570604', 'maint', 'maint', 'field_label', 'system', 0, true, 'Form button', 'ui_action', '6e63ac86-0d62-4371-b3bc-9957ed8980f8');
INSERT INTO system.field_label VALUES ('b5711905-50b6-4d5a-a444-7c87115c33cb', '2020-11-25 13:19:39.596013', '2020-11-25 13:19:39.596013', 'maint', 'maint', 'field_label', 'system', 0, true, 'Client', 'ui_action', '8ee28db5-c647-4d4d-81b8-a338b01e3f5b');
INSERT INTO system.field_label VALUES ('ea6802d0-3d82-4e84-9b2c-984c12b95298', '2020-11-25 13:19:39.754382', '2020-11-25 13:19:39.754382', 'admin', 'admin', 'field_label', 'system', 0, true, 'Class Name', 'company', '83ea00b7-6522-4f51-9b63-10c082805acd');
INSERT INTO system.field_label VALUES ('29a1a7b8-3e1b-47d8-aee2-66d9789600ae', '2020-11-25 13:19:39.766093', '2020-11-25 13:19:39.766093', 'admin', 'admin', 'field_label', 'system', 0, true, 'Created', 'cost_centre', '0be51386-2440-4b36-9728-9f1505a87682');
INSERT INTO system.field_label VALUES ('11aca277-aead-4719-904f-f66fadc38a4b', '2020-11-25 13:19:39.77928', '2020-11-25 13:19:39.77928', 'admin', 'admin', 'field_label', 'system', 0, true, 'Created By', 'task', '21886776-ee5b-43cf-b44a-217c67c7e88f');
INSERT INTO system.field_label VALUES ('eacab813-09c8-43bc-ad40-af7a3d0f83d6', '2020-11-25 13:19:39.793254', '2020-11-25 13:19:39.793254', 'admin', 'admin', 'field_label', 'system', 0, true, 'GUID', 'department', '8d9355d1-a2a7-4262-89d2-8b4ecc3a5526');
INSERT INTO system.field_label VALUES ('56b2b084-c8a2-4bcf-8d75-d7b10428dd79', '2020-11-25 13:19:39.989607', '2020-11-25 13:19:39.989607', 'maint', 'maint', 'field_label', 'system', 0, true, 'Class Name', 'ci', '24afc33e-f0b3-44db-9338-dd3f68dc8fea');
INSERT INTO system.field_label VALUES ('fca9b8d3-5c10-438f-a968-f432b5f3b7a5', '2020-11-25 13:19:40.005847', '2020-11-25 13:19:40.005847', 'maint', 'maint', 'field_label', 'system', 0, true, 'Created', 'hw', '12453f50-8658-431c-a85a-992ad7802147');
INSERT INTO system.field_label VALUES ('4dd1b027-51bd-4715-bec1-6ad91f4fae37', '2020-11-25 13:19:40.021544', '2020-11-25 13:19:40.021544', 'maint', 'maint', 'field_label', 'system', 0, true, 'Created By', 'hw_computer', '8727d285-ce5b-4ad1-8d06-04183429a4c9');
INSERT INTO system.field_label VALUES ('bb49cf6e-edef-445b-a839-367eafaf7819', '2020-11-25 13:19:40.162359', '2020-11-25 13:19:40.162359', 'maint', 'maint', 'field_label', 'system', 0, true, 'Created', 'incident', '4f6d0426-b829-4357-bdb4-afe518d90280');
INSERT INTO system.field_label VALUES ('5236fd4e-c9f7-4e1d-a40a-e95e2ad52d09', '2020-11-25 13:19:40.180738', '2020-11-25 13:19:40.180738', 'maint', 'maint', 'field_label', 'system', 0, true, 'Created By', 'incident_task', '609e0b5b-52d4-4fbe-855d-d3d1db1d9461');
INSERT INTO system.field_label VALUES ('2d22f369-7350-4029-a379-498e81da0a16', '2020-11-25 13:19:40.226389', '2020-11-25 13:19:40.226389', 'maint', 'maint', 'field_label', 'system', 0, true, 'Update count', 'change', '63fd845d-8ae7-4200-a0c6-0d9a966577a6');
INSERT INTO system.field_label VALUES ('ddb51a7e-ef4c-42c8-95e3-d39fddf0b83e', '2020-11-25 13:19:40.244452', '2020-11-25 13:19:40.244452', 'maint', 'maint', 'field_label', 'system', 0, true, 'Updated', 'sla_definition', '364761d6-93f3-4716-a230-e9ac1dc3a987');
INSERT INTO system.field_label VALUES ('cac5d85b-f7f2-4a0a-b4b1-1f0db9bd34e1', '2020-11-25 13:19:40.256295', '2020-11-25 13:19:40.256295', 'maint', 'maint', 'field_label', 'system', 0, true, 'Created By', 'task_sla', '9a97284f-1946-4500-93d9-cba75061d24d');
INSERT INTO system.field_label VALUES ('a0eb45b0-a7f3-420f-9c3f-182a36423467', '2020-11-25 13:19:38.842256', '2020-11-25 13:19:38.842256', 'maint', 'maint', 'field_label', 'system', 0, true, 'GUID', 'server_script', 'f69ad045-460d-4b3a-bcb1-a256364b69f4');
INSERT INTO system.field_label VALUES ('9edc900a-6cb2-4252-875e-0ff32d267d8d', '2020-11-25 13:19:38.86714', '2020-11-25 13:19:38.86714', 'maint', 'maint', 'field_label', 'system', 0, true, 'Class Name', 'ui_action', '55370730-fb06-4fc3-be67-15e4f0017d45');
INSERT INTO system.field_label VALUES ('a1ce5188-07db-4689-ba59-8703676cb0fb', '2020-11-25 13:19:38.886875', '2020-11-25 13:19:38.886875', 'maint', 'maint', 'field_label', 'system', 0, true, 'Created', 'ui_action_requires_role', 'c2e2dc0d-b07f-4e39-9159-e48ec0bae10b');
INSERT INTO system.field_label VALUES ('8c87c1bc-49a6-40dd-972a-fda09fdbd7a9', '2020-11-25 13:19:38.906033', '2020-11-25 13:19:38.906033', 'maint', 'maint', 'field_label', 'system', 0, true, 'Created By', 'role', '7498974c-f106-4704-ae81-de24af3bf2a7');
INSERT INTO system.field_label VALUES ('618c8dd1-2de5-4302-a3e6-9700699ab951', '2020-11-25 13:19:39.441426', '2020-11-25 13:19:39.441426', 'maint', 'maint', 'field_label', 'system', 0, true, 'Number digits', 'dbo', '098bd7ea-1567-4316-ba1a-a0d50a162381');
INSERT INTO system.field_label VALUES ('7f8db07b-8fba-40b8-b9eb-10b54e94f842', '2020-11-25 13:19:39.455476', '2020-11-25 13:19:39.455476', 'maint', 'maint', 'field_label', 'system', 0, true, 'User name', 'user', '74334a88-d473-4ac8-b9e5-b1bf9ce83178');
INSERT INTO system.field_label VALUES ('3f208e05-c189-418c-9bc3-1d136d43e734', '2020-11-25 13:19:39.493231', '2020-11-25 13:19:39.493231', 'maint', 'maint', 'field_label', 'system', 0, true, 'Max length', 'dictionary', '13768b2d-71c8-4e24-90b9-14b40ff3485d');
INSERT INTO system.field_label VALUES ('e5c3e15b-5781-4da7-bed6-37caa129d8bf', '2020-11-25 13:19:39.51224', '2020-11-25 13:19:39.51224', 'maint', 'maint', 'field_label', 'system', 0, true, 'Table', 'acl', 'babdee2c-ce49-4f9a-a6b6-4a31322dfde5');
INSERT INTO system.field_label VALUES ('2571679e-985b-4af8-bad9-f87a8e2e28c6', '2020-11-25 13:19:39.539357', '2020-11-25 13:19:39.539357', 'maint', 'maint', 'field_label', 'system', 0, true, 'Active', 'group', '75fd1803-0107-4b66-8f1a-f1b5dbbc45ef');
INSERT INTO system.field_label VALUES ('5f687cd6-83ec-4f08-9bcf-8344513ce1fe', '2020-11-25 13:19:39.555144', '2020-11-25 13:19:39.555144', 'maint', 'maint', 'field_label', 'system', 0, true, 'Name', 'ui_action', 'fdd28cf3-8f36-463f-b43f-6dd2ca03ef1f');
INSERT INTO system.field_label VALUES ('2003d9e8-e89f-4d42-a4a7-634f86d85917', '2020-11-25 13:19:39.577034', '2020-11-25 13:19:39.577034', 'maint', 'maint', 'field_label', 'system', 0, true, 'Form link', 'ui_action', 'a98e9bc0-899c-4ada-bb41-feeff2f21703');
INSERT INTO system.field_label VALUES ('91ba93e9-700a-498b-8aae-d1093d8b5c9b', '2020-11-25 13:19:39.60384', '2020-11-25 13:19:39.60384', 'maint', 'maint', 'field_label', 'system', 0, true, 'Role', 'ui_action_requires_role', '695bb001-6b96-4bba-8016-b093266e2d52');
INSERT INTO system.field_label VALUES ('0ca4f71d-e04b-4835-8c79-713dcad607e7', '2020-11-25 13:19:39.619698', '2020-11-25 13:19:39.619698', 'maint', 'maint', 'field_label', 'system', 0, true, 'When', 'server_script', 'd5fd36ba-cce2-44a2-abd1-e8160891bcb3');
INSERT INTO system.field_label VALUES ('17ace8b0-3b0d-42bc-b2ad-1fa7fcfe7559', '2020-11-25 13:19:39.766311', '2020-11-25 13:19:39.766311', 'admin', 'admin', 'field_label', 'system', 0, true, 'Class Name', 'cost_centre', '841a9433-4bee-4c33-81b0-651c4604e013');
INSERT INTO system.field_label VALUES ('fe9f782a-5ab1-445e-b94e-7a5ccd9e5c0b', '2020-11-25 13:19:39.779492', '2020-11-25 13:19:39.779492', 'admin', 'admin', 'field_label', 'system', 0, true, 'Created', 'task', '1c3c13d6-bbf1-4bd0-9ab6-906ebab31efc');
INSERT INTO system.field_label VALUES ('0827d2de-0c2d-48fb-b625-af3f083cfa31', '2020-11-25 13:19:39.793921', '2020-11-25 13:19:39.793921', 'admin', 'admin', 'field_label', 'system', 0, true, 'Update count', 'department', 'e78b9bab-114d-464d-a1c2-b0a94631fdf0');
INSERT INTO system.field_label VALUES ('16f63e7d-02fd-4150-af21-64bc999d6e75', '2020-11-25 13:19:39.806215', '2020-11-25 13:19:39.806215', 'admin', 'admin', 'field_label', 'system', 0, true, 'Updated', 'location', 'ee781a6a-abe8-487c-9954-544af73bc664');
INSERT INTO system.field_label VALUES ('1ba93ecc-1364-4e57-873f-912ecdc918a8', '2020-11-25 13:19:39.989912', '2020-11-25 13:19:39.989912', 'maint', 'maint', 'field_label', 'system', 0, true, 'Scope', 'ci', 'd3dc9b7e-05c9-480b-8354-e638ba77e9d7');
INSERT INTO system.field_label VALUES ('034e294c-1309-48ff-8478-3cc5c1553621', '2020-11-25 13:19:40.006167', '2020-11-25 13:19:40.006167', 'maint', 'maint', 'field_label', 'system', 0, true, 'Update count', 'hw', '8f26fc98-c409-4040-bfff-04102cf4e9aa');
INSERT INTO system.field_label VALUES ('c18c43cf-f2f2-4107-9783-eb2a8cef924d', '2020-11-25 13:19:40.021838', '2020-11-25 13:19:40.021838', 'maint', 'maint', 'field_label', 'system', 0, true, 'Updated', 'hw_computer', '2dcb2c30-3963-4b0b-88bf-9906030c33cf');
INSERT INTO system.field_label VALUES ('43a3ac3c-036b-407b-89b6-e964ea7eb1f2', '2020-11-25 13:19:40.035751', '2020-11-25 13:19:40.035751', 'maint', 'maint', 'field_label', 'system', 0, true, 'Updated By', 'application', '381fa591-99ce-4cca-92c8-232faef5b0ac');
INSERT INTO system.field_label VALUES ('a16b84f6-0a4b-4c50-a09d-9945f8afb030', '2020-11-25 13:19:40.162161', '2020-11-25 13:19:40.162161', 'maint', 'maint', 'field_label', 'system', 0, true, 'Created By', 'incident', '1679bb51-715a-4c00-a0ab-d13e43747492');
INSERT INTO system.field_label VALUES ('c6853ed9-b402-4a13-80cb-0c9d56944b54', '2020-11-25 13:19:40.207589', '2020-11-25 13:19:40.207589', 'maint', 'maint', 'field_label', 'system', 0, true, 'Update count', 'change_task', '2e275732-af19-4a75-8619-c24b9831531b');
INSERT INTO system.field_label VALUES ('2429538f-19de-49a7-940a-3da5be3f1187', '2020-11-25 13:19:40.226255', '2020-11-25 13:19:40.226255', 'maint', 'maint', 'field_label', 'system', 0, true, 'Class Name', 'change', '25ae1bf0-b372-4e18-b9d4-bebfee627f74');
INSERT INTO system.field_label VALUES ('79dfc71a-70de-46ed-8f50-05208700667a', '2020-11-25 13:19:40.24433', '2020-11-25 13:19:40.24433', 'maint', 'maint', 'field_label', 'system', 0, true, 'Created', 'sla_definition', '16c2a57b-1931-4596-8322-77e6b7630c65');
INSERT INTO system.field_label VALUES ('efeac62b-0791-46eb-b2b2-2079adaa3494', '2020-11-25 13:19:40.256229', '2020-11-25 13:19:40.256229', 'maint', 'maint', 'field_label', 'system', 0, true, 'GUID', 'task_sla', 'c5caeccb-adaa-4424-a48e-a9d9a1a683f1');
INSERT INTO system.field_label VALUES ('55d5d706-510b-4bf8-b409-03ebba2904f6', '2020-11-25 13:19:38.842522', '2020-11-25 13:19:38.842522', 'maint', 'maint', 'field_label', 'system', 0, true, 'Created By', 'server_script', 'e5bf7761-97af-41e9-b1b0-91eb1ffab518');
INSERT INTO system.field_label VALUES ('cc134dc4-af08-4280-9a20-23e814875b0c', '2020-11-25 13:19:38.867292', '2020-11-25 13:19:38.867292', 'maint', 'maint', 'field_label', 'system', 0, true, 'Update count', 'ui_action', '7ce8971a-56b0-4df8-8ab5-5ea640aa8dee');
INSERT INTO system.field_label VALUES ('d9c21f94-ada4-4c70-b2db-6306885c4532', '2020-11-25 13:19:38.887024', '2020-11-25 13:19:38.887024', 'maint', 'maint', 'field_label', 'system', 0, true, 'Updated', 'ui_action_requires_role', '5de7cbdb-eb25-47ee-a2ee-f34d54e130b3');
INSERT INTO system.field_label VALUES ('834e8295-6edb-4458-871e-b5da04f59fa5', '2020-11-25 13:19:38.906181', '2020-11-25 13:19:38.906181', 'maint', 'maint', 'field_label', 'system', 0, true, 'Updated By', 'role', 'a4265c54-b025-4b6c-a614-9455348ec714');
INSERT INTO system.field_label VALUES ('10cce976-3d00-4f6e-b90c-215137f944f3', '2020-11-25 13:19:39.445454', '2020-11-25 13:19:39.445454', 'maint', 'maint', 'field_label', 'system', 0, true, 'Table scope', 'dbo', 'c36fb074-5fff-4bf0-99e4-541042bfd744');
INSERT INTO system.field_label VALUES ('f245e376-e498-4cca-83d1-0d5e2d262b0d', '2020-11-25 13:19:39.470243', '2020-11-25 13:19:39.470243', 'maint', 'maint', 'field_label', 'system', 0, true, 'Primary', 'dictionary', '693aff11-6448-423e-89a9-01920001e59e');
INSERT INTO system.field_label VALUES ('a552c14a-c5cc-41b9-9c58-1d8162cf0a11', '2020-11-25 13:19:39.490895', '2020-11-25 13:19:39.490895', 'maint', 'maint', 'field_label', 'system', 0, true, 'Reference table', 'dictionary', '1a4cfd48-b71b-4c9a-8552-035a5e7d221f');
INSERT INTO system.field_label VALUES ('196fc687-7de7-468d-89b3-200b1acec616', '2020-11-25 13:19:39.514389', '2020-11-25 13:19:39.514389', 'maint', 'maint', 'field_label', 'system', 0, true, 'Field', 'acl', '313e85b7-9f01-4b30-9d8b-53155b59530b');
INSERT INTO system.field_label VALUES ('8af9e247-c91f-42b7-8b54-844818448b8b', '2020-11-25 13:19:39.541274', '2020-11-25 13:19:39.541274', 'maint', 'maint', 'field_label', 'system', 0, true, 'Description', 'group', '42bf4632-2ee8-4ab2-aaab-e78a3ba535bb');
INSERT INTO system.field_label VALUES ('dee5eec3-b80d-445d-815e-f9680a03f8bd', '2020-11-25 13:19:39.581512', '2020-11-25 13:19:39.581512', 'maint', 'maint', 'field_label', 'system', 0, true, 'List button', 'ui_action', '802e8546-5158-4958-9910-444a340cc42b');
INSERT INTO system.field_label VALUES ('d8e7839f-4f16-4ec3-a626-cb70c54d07bd', '2020-11-25 13:19:39.598284', '2020-11-25 13:19:39.598284', 'maint', 'maint', 'field_label', 'system', 0, true, 'Server script', 'ui_action', 'fb7bb87d-7c17-4285-9ff3-50ef842c3a60');
INSERT INTO system.field_label VALUES ('81a15fad-941d-4359-af6f-31188dec6a04', '2020-11-25 13:19:39.753323', '2020-11-25 13:19:39.753323', 'admin', 'admin', 'field_label', 'system', 0, true, 'Created By', 'company', 'fd09ab3e-f7c8-42d2-aa48-56cc32c068dd');
INSERT INTO system.field_label VALUES ('8a86be26-3d2a-4c6e-8f20-c2ea6aef9c46', '2020-11-25 13:19:39.779725', '2020-11-25 13:19:39.779725', 'admin', 'admin', 'field_label', 'system', 0, true, 'Class Name', 'task', 'c4ac9894-e6d3-4f46-84ca-252f7277f7c0');
INSERT INTO system.field_label VALUES ('0f72be66-a152-4959-b3e1-51bc823088d8', '2020-11-25 13:19:39.793555', '2020-11-25 13:19:39.793555', 'admin', 'admin', 'field_label', 'system', 0, true, 'Created', 'department', '67a1d9f4-0e4a-4430-a2cb-e3beac9782c4');
INSERT INTO system.field_label VALUES ('9af937aa-be7a-45d9-978a-3b0eab934817', '2020-11-25 13:19:39.805927', '2020-11-25 13:19:39.805927', 'admin', 'admin', 'field_label', 'system', 0, true, 'Created By', 'location', '889821fe-9836-4e4c-b176-b243a7b3a662');
INSERT INTO system.field_label VALUES ('284342eb-e3df-4469-8ba0-447edb1d4779', '2020-11-25 13:19:39.987054', '2020-11-25 13:19:39.987054', 'maint', 'maint', 'field_label', 'system', 0, true, 'GUID', 'ci', 'a02e2078-d2ec-4293-90c5-daf5fb372cc2');
INSERT INTO system.field_label VALUES ('d1726cd1-aace-420f-853e-441f44c9bcbe', '2020-11-25 13:19:40.022058', '2020-11-25 13:19:40.022058', 'maint', 'maint', 'field_label', 'system', 0, true, 'Update count', 'hw_computer', '436cc611-6257-436c-b644-85707cb8fb09');
INSERT INTO system.field_label VALUES ('f917336d-b5a6-4f0e-9714-ec20320da23b', '2020-11-25 13:19:40.03596', '2020-11-25 13:19:40.03596', 'maint', 'maint', 'field_label', 'system', 0, true, 'Updated', 'application', 'bb74910d-ff1c-43bc-982f-edcd3c71bd72');
INSERT INTO system.field_label VALUES ('685d4cd1-e324-4bb7-83e2-e9e5547b3eef', '2020-11-25 13:19:40.162849', '2020-11-25 13:19:40.162849', 'maint', 'maint', 'field_label', 'system', 0, true, 'Scope', 'incident', 'af5966b5-be35-4f20-96bb-b676c7b42bf4');
INSERT INTO system.field_label VALUES ('b4211ab3-3081-407e-b03c-2b2a39c90124', '2020-11-25 13:19:40.181329', '2020-11-25 13:19:40.181329', 'maint', 'maint', 'field_label', 'system', 0, true, 'Scope', 'incident_task', '0249f64d-560c-4a45-9ca3-ab3648031e53');
INSERT INTO system.field_label VALUES ('ed0a63ac-4011-4e61-9685-a88cc72bcad0', '2020-11-25 13:19:40.207676', '2020-11-25 13:19:40.207676', 'maint', 'maint', 'field_label', 'system', 0, true, 'Scope', 'change_task', 'f371f398-0fc0-443e-a262-2ec3a5c36a4d');
INSERT INTO system.field_label VALUES ('b09daa24-4c6c-490b-acc8-075553561f84', '2020-11-25 13:19:40.226665', '2020-11-25 13:19:40.226665', 'maint', 'maint', 'field_label', 'system', 0, true, 'Scope', 'change', '1bbe1591-0c7b-4d5d-89a3-9952a5aa7459');
INSERT INTO system.field_label VALUES ('1c9aceec-3819-4049-a680-c7862d968ad4', '2020-11-25 13:19:40.24476', '2020-11-25 13:19:40.24476', 'maint', 'maint', 'field_label', 'system', 0, true, 'Scope', 'sla_definition', 'c37dec40-bf77-4aeb-b385-ae74430af1ae');
INSERT INTO system.field_label VALUES ('d98abafd-ef29-41f8-8092-bdce2fc7880b', '2020-11-25 13:19:40.256736', '2020-11-25 13:19:40.256736', 'maint', 'maint', 'field_label', 'system', 0, true, 'Update count', 'task_sla', '7a7c50ae-0f66-45c4-aaf7-2a25f786deb2');
INSERT INTO system.field_label VALUES ('f7f3fa9d-9741-4886-8230-b53e5c7f0888', '2020-11-25 13:19:38.842717', '2020-11-25 13:19:38.842717', 'maint', 'maint', 'field_label', 'system', 0, true, 'Updated By', 'server_script', 'a8770152-c190-487c-a95b-f2673efc0e4b');
INSERT INTO system.field_label VALUES ('460e5482-a8a8-4f2f-a3c7-30c26b29511d', '2020-11-25 13:19:38.867441', '2020-11-25 13:19:38.867441', 'maint', 'maint', 'field_label', 'system', 0, true, 'Scope', 'ui_action', '67681de1-6641-4c39-a142-fe70b32b99c8');
INSERT INTO system.field_label VALUES ('63a5f6d0-0282-4398-b038-fb316f07bb12', '2020-11-25 13:19:38.887335', '2020-11-25 13:19:38.887335', 'maint', 'maint', 'field_label', 'system', 0, true, 'Update count', 'ui_action_requires_role', '44f644a0-7ef9-44e4-8b1a-dc026b336eb3');
INSERT INTO system.field_label VALUES ('e6e69d66-7afa-4867-af96-e119c47bd297', '2020-11-25 13:19:38.906478', '2020-11-25 13:19:38.906478', 'maint', 'maint', 'field_label', 'system', 0, true, 'Updated', 'role', '6005dd4b-d200-4425-a11b-041a6ee7b060');
INSERT INTO system.field_label VALUES ('6208ae91-1314-44ef-8071-a2878102f088', '2020-11-25 13:19:39.464913', '2020-11-25 13:19:39.464913', 'maint', 'maint', 'field_label', 'system', 0, true, 'Active', 'dictionary', '565b84de-7365-427d-94f9-734b0bf3b54d');
INSERT INTO system.field_label VALUES ('c679136f-fdde-4d59-812b-75a7a0a4a2a8', '2020-11-25 13:19:39.487148', '2020-11-25 13:19:39.487148', 'maint', 'maint', 'field_label', 'system', 0, true, 'Table', 'dictionary', 'a185fb6b-15d6-4fe8-9ada-907961351105');
INSERT INTO system.field_label VALUES ('3be9aeee-8f43-481c-83dc-f7825ff9aa94', '2020-11-25 13:19:39.514798', '2020-11-25 13:19:39.514798', 'maint', 'maint', 'field_label', 'system', 0, true, 'Active', 'acl_requires_role', '18443728-864d-4678-8b8b-22d949411b05');
INSERT INTO system.field_label VALUES ('45a9e40e-d0ce-4e40-b6e6-8184e875b812', '2020-11-25 13:19:39.53881', '2020-11-25 13:19:39.53881', 'maint', 'maint', 'field_label', 'system', 0, true, 'Element', 'field_label', '532666b7-1a69-43cf-947d-c3fc9a4fad8a');
INSERT INTO system.field_label VALUES ('b3cb9c8f-76ed-407e-97d0-c7e7d533e5b2', '2020-11-25 13:19:39.565083', '2020-11-25 13:19:39.565083', 'maint', 'maint', 'field_label', 'system', 0, true, 'Table', 'ui_action', '0fbd416b-5a85-4646-aa65-747cfcba2f40');
INSERT INTO system.field_label VALUES ('93761b33-7e80-44f2-9868-f492871a2ad9', '2020-11-25 13:19:39.608449', '2020-11-25 13:19:39.608449', 'maint', 'maint', 'field_label', 'system', 0, true, 'Active', 'server_script', '6d406acc-9988-4367-bed3-685c115b72dc');
INSERT INTO system.field_label VALUES ('dba7f6c3-95a4-41ca-870f-1c77fa627ce7', '2020-11-25 13:19:39.754271', '2020-11-25 13:19:39.754271', 'admin', 'admin', 'field_label', 'system', 0, true, 'Updated', 'company', '0558c751-74db-46d3-aa94-03e734aa54e9');
INSERT INTO system.field_label VALUES ('7e40e873-3a5c-40a8-9803-114f91665968', '2020-11-25 13:19:39.765993', '2020-11-25 13:19:39.765993', 'admin', 'admin', 'field_label', 'system', 0, true, 'Updated By', 'cost_centre', '2f71fe41-ba51-400b-a564-9894cfd6ebf4');
INSERT INTO system.field_label VALUES ('31552064-0b53-4370-8225-80bad1f84d8e', '2020-11-25 13:19:39.779173', '2020-11-25 13:19:39.779173', 'admin', 'admin', 'field_label', 'system', 0, true, 'GUID', 'task', '6956c429-7abf-4681-8bbd-eb2885674a1a');
INSERT INTO system.field_label VALUES ('554fee33-e186-49ef-8c20-34bf280a7b3d', '2020-11-25 13:19:39.806444', '2020-11-25 13:19:39.806444', 'admin', 'admin', 'field_label', 'system', 0, true, 'Update count', 'location', 'a88eea2c-7c18-4fb0-9bd6-6fb9702953a2');
INSERT INTO system.field_label VALUES ('169cc758-b0ff-4f91-b79d-0d1ff22b9e6e', '2020-11-25 13:19:39.989772', '2020-11-25 13:19:39.989772', 'maint', 'maint', 'field_label', 'system', 0, true, 'Update count', 'ci', '335412e1-5cb1-4050-9e13-6e21c627c6d7');
INSERT INTO system.field_label VALUES ('a41efb90-f4e4-453e-8e50-51d77a449644', '2020-11-25 13:19:40.006074', '2020-11-25 13:19:40.006074', 'maint', 'maint', 'field_label', 'system', 0, true, 'Class Name', 'hw', '37cf187e-5a17-43c6-8280-b63c2c54048d');
INSERT INTO system.field_label VALUES ('69ed67d0-25e1-4026-bc81-7ff490d1a9c2', '2020-11-25 13:19:40.021744', '2020-11-25 13:19:40.021744', 'maint', 'maint', 'field_label', 'system', 0, true, 'Created', 'hw_computer', 'aac3e589-8598-4b10-a54b-24b3e8e958be');
INSERT INTO system.field_label VALUES ('370e7426-19c6-430e-8d9e-448f13791a59', '2020-11-25 13:19:40.035654', '2020-11-25 13:19:40.035654', 'maint', 'maint', 'field_label', 'system', 0, true, 'Created By', 'application', 'fbf38a23-2455-49e8-b3b6-447e52694426');
INSERT INTO system.field_label VALUES ('42f101d7-0845-47e8-9bea-e933432d0499', '2020-11-25 13:19:40.162249', '2020-11-25 13:19:40.162249', 'maint', 'maint', 'field_label', 'system', 0, true, 'Updated By', 'incident', 'e3353f31-6462-4a7b-96a4-ac9b9871bfb7');
INSERT INTO system.field_label VALUES ('762eac20-9ca5-4cb5-bb31-e288f922ef94', '2020-11-25 13:19:40.180647', '2020-11-25 13:19:40.180647', 'maint', 'maint', 'field_label', 'system', 0, true, 'GUID', 'incident_task', '2726da14-8ae8-4aff-ba31-99c346909cd4');
INSERT INTO system.field_label VALUES ('6b4f0387-a03a-4415-a5f0-db7ebc142f6f', '2020-11-25 13:19:40.226009', '2020-11-25 13:19:40.226009', 'maint', 'maint', 'field_label', 'system', 0, true, 'Created', 'change', 'a0a21883-b5f9-4d86-9d64-bbaa338e9618');
INSERT INTO system.field_label VALUES ('7074eb17-72f0-4938-acf0-937e11efdb65', '2020-11-25 13:19:40.242356', '2020-11-25 13:19:40.242356', 'maint', 'maint', 'field_label', 'system', 0, true, 'Created By', 'sla_definition', '53cd9fdd-6fd8-4888-b703-1213785c12a6');
INSERT INTO system.field_label VALUES ('0058958d-aaf4-4485-89ac-dd49da66655a', '2020-11-25 13:19:38.843524', '2020-11-25 13:19:38.843524', 'maint', 'maint', 'field_label', 'system', 0, true, 'Update count', 'server_script', '53ce4495-640b-4724-90f0-ff3c9ba62a1e');
INSERT INTO system.field_label VALUES ('c9771691-318b-4c80-b7ef-d340c102ae49', '2020-11-25 13:19:38.866506', '2020-11-25 13:19:38.866506', 'maint', 'maint', 'field_label', 'system', 0, true, 'Created By', 'ui_action', '91907fc0-fa16-4d10-a84d-5ed3da94b709');
INSERT INTO system.field_label VALUES ('29d4ab59-8f0c-4685-a10f-99a623838920', '2020-11-25 13:19:38.906955', '2020-11-25 13:19:38.906955', 'maint', 'maint', 'field_label', 'system', 0, true, 'Scope', 'role', '224d4204-2c8e-479e-a9ea-9cae43e547c8');
INSERT INTO system.field_label VALUES ('3d168f0d-2168-47c6-b346-872baa0cf2f9', '2020-11-25 13:19:39.436159', '2020-11-25 13:19:39.436159', 'maint', 'maint', 'field_label', 'system', 0, true, 'Extends root', 'dbo', 'ec8a2731-f0d3-48c6-8f22-a4caee891873');
INSERT INTO system.field_label VALUES ('57c1cd3b-faa4-4462-b297-2347ec6c2303', '2020-11-25 13:19:39.457436', '2020-11-25 13:19:39.457436', 'maint', 'maint', 'field_label', 'system', 0, true, 'Name', 'user', '18296533-0ccb-45f4-b558-4d53ae78c0a0');
INSERT INTO system.field_label VALUES ('942f5c8d-d968-439a-8fa3-b6c6a4feaec7', '2020-11-25 13:19:39.484537', '2020-11-25 13:19:39.484537', 'maint', 'maint', 'field_label', 'system', 0, true, 'Mandatory', 'dictionary', 'b6bcb0f5-45fe-412f-8a80-2e1ce3de4c11');
INSERT INTO system.field_label VALUES ('67189ea3-4319-46e1-b34d-fba805252839', '2020-11-25 13:19:39.522315', '2020-11-25 13:19:39.522315', 'maint', 'maint', 'field_label', 'system', 0, true, 'Active', 'field_label', '3faa7e13-b5da-43fc-9908-f1028b9e6dac');
INSERT INTO system.field_label VALUES ('4de80924-aad3-43fe-8371-f6da471154e3', '2020-11-25 13:19:39.54277', '2020-11-25 13:19:39.54277', 'maint', 'maint', 'field_label', 'system', 0, true, 'Manager', 'group', '5176a8d8-c41e-4e11-9393-00210ce44762');
INSERT INTO system.field_label VALUES ('f785dd67-418d-4c5a-983d-5cb9ca8d17ed', '2020-11-25 13:19:39.570029', '2020-11-25 13:19:39.570029', 'maint', 'maint', 'field_label', 'system', 0, true, 'Tooltip', 'ui_action', 'aec7506e-f689-4853-b73e-66f8207614e7');
INSERT INTO system.field_label VALUES ('2dec0c99-3515-4171-ac7a-a1796179136a', '2020-11-25 13:19:39.59385', '2020-11-25 13:19:39.59385', 'maint', 'maint', 'field_label', 'system', 0, true, 'List link', 'ui_action', '66f16e77-54c2-4f98-8148-75bc9da5e7ac');
INSERT INTO system.field_label VALUES ('37f36a7f-ed6b-420a-8110-5216e828b49f', '2020-11-25 13:19:39.626957', '2020-11-25 13:19:39.626957', 'maint', 'maint', 'field_label', 'system', 0, true, 'Active', 'role', 'bcb9b34e-479a-40b2-a96e-bdaaca48ada4');
INSERT INTO system.field_label VALUES ('f0354992-2527-4841-bddd-1ddcbe0e8d8e', '2020-11-25 13:19:39.753006', '2020-11-25 13:19:39.753006', 'admin', 'admin', 'field_label', 'system', 0, true, 'GUID', 'company', 'f1c6698b-fc51-4e7d-ba0c-f23a5bb89ed0');
INSERT INTO system.field_label VALUES ('483e7608-2d59-48aa-ad38-b07d8b25c7c5', '2020-11-25 13:19:39.793806', '2020-11-25 13:19:39.793806', 'admin', 'admin', 'field_label', 'system', 0, true, 'Class Name', 'department', '256aebcb-7e57-47b5-830b-6f7f16e6e58a');
INSERT INTO system.field_label VALUES ('eceb31c4-6f30-44b3-9f92-9a1a7dce6b2f', '2020-11-25 13:19:39.806119', '2020-11-25 13:19:39.806119', 'admin', 'admin', 'field_label', 'system', 0, true, 'Created', 'location', '194e37ed-f6d4-4c85-8662-3eceaabf9bb7');
INSERT INTO system.field_label VALUES ('3e46bd81-a4d3-4459-969f-3d391a0df17e', '2020-11-25 13:19:39.988411', '2020-11-25 13:19:39.988411', 'maint', 'maint', 'field_label', 'system', 0, true, 'Created', 'ci', '7c5c1d69-ecc6-4fbe-83c7-c2a26e032d28');
INSERT INTO system.field_label VALUES ('d09fbabd-923a-42b4-bc71-c1ec55f18416', '2020-11-25 13:19:40.005655', '2020-11-25 13:19:40.005655', 'maint', 'maint', 'field_label', 'system', 0, true, 'Created By', 'hw', '898ba505-b83d-4640-bd25-a25e089bed67');
INSERT INTO system.field_label VALUES ('d83af85f-82a1-445d-bb1e-67f75d47006a', '2020-11-25 13:19:40.036205', '2020-11-25 13:19:40.036205', 'maint', 'maint', 'field_label', 'system', 0, true, 'Update count', 'application', '0818694f-6ff6-42c2-af76-95344f2b9c58');
INSERT INTO system.field_label VALUES ('2fe4e024-717e-400e-ac67-325561e51b6e', '2020-11-25 13:19:40.181231', '2020-11-25 13:19:40.181231', 'maint', 'maint', 'field_label', 'system', 0, true, 'Update count', 'incident_task', 'b7a1be55-25bb-4e6b-8a69-e5fe066691df');
INSERT INTO system.field_label VALUES ('d3d1ef4b-b674-4b78-a13a-a09da3d5ee01', '2020-11-25 13:19:40.207387', '2020-11-25 13:19:40.207387', 'maint', 'maint', 'field_label', 'system', 0, true, 'Updated', 'change_task', 'f616b4fb-a92b-4877-b883-1145e6091683');
INSERT INTO system.field_label VALUES ('8a07ea35-19ad-4a73-9d3f-7b7b6c8f2bc4', '2020-11-25 13:19:40.225837', '2020-11-25 13:19:40.225837', 'maint', 'maint', 'field_label', 'system', 0, true, 'Updated By', 'change', 'c6fbef2d-7762-4352-b1dd-756815ed7eb7');
INSERT INTO system.field_label VALUES ('01fe9b5e-b5dd-43d4-8505-0c37b260ae40', '2020-11-25 13:19:40.242293', '2020-11-25 13:19:40.242293', 'maint', 'maint', 'field_label', 'system', 0, true, 'GUID', 'sla_definition', '2ab2440a-e171-4aca-889f-2a4419adb948');
INSERT INTO system.field_label VALUES ('7d8104a7-5c4b-4ffc-8b41-71b7d1a3de2c', '2020-11-25 13:19:40.256822', '2020-11-25 13:19:40.256822', 'maint', 'maint', 'field_label', 'system', 0, true, 'Scope', 'task_sla', '799cbe51-e0a3-475a-8417-35a525ed3151');
INSERT INTO system.field_label VALUES ('cca2dabd-0495-4dc3-800c-dfe107a59502', '2020-11-25 13:19:38.866673', '2020-11-25 13:19:38.866673', 'maint', 'maint', 'field_label', 'system', 0, true, 'Updated By', 'ui_action', 'fa538689-9ab4-47cd-94ee-ba323c6a6d15');
INSERT INTO system.field_label VALUES ('d83ee70b-f9f0-41c2-a39e-b754a06fa8e4', '2020-11-25 13:19:38.88643', '2020-11-25 13:19:38.88643', 'maint', 'maint', 'field_label', 'system', 0, true, 'GUID', 'ui_action_requires_role', '941c52c0-beac-495e-8e0e-55b46d504041');
INSERT INTO system.field_label VALUES ('ac5b9e85-e628-4d61-be86-db9e1fc9f41b', '2020-11-25 13:19:39.435827', '2020-11-25 13:19:39.435827', 'maint', 'maint', 'field_label', 'system', 0, true, 'Extends', 'dbo', 'ad75c564-e004-41df-b9d1-fe5972fe24ce');
INSERT INTO system.field_label VALUES ('d7cc6729-b63c-4d35-9bd2-f0370f8b2dfd', '2020-11-25 13:19:39.457076', '2020-11-25 13:19:39.457076', 'maint', 'maint', 'field_label', 'system', 0, true, 'Email', 'user', '6be6017d-96ea-4f56-9c50-a2b3f777ec6a');
INSERT INTO system.field_label VALUES ('c9377bcb-06be-454b-92bb-27a0c7efcab3', '2020-11-25 13:19:39.497911', '2020-11-25 13:19:39.497911', 'maint', 'maint', 'field_label', 'system', 0, true, 'Default value', 'dictionary', 'e6225dd6-e115-4400-bc2c-a724d6b62c2b');
INSERT INTO system.field_label VALUES ('537338b6-9a0b-41d4-9ae1-7dba0fac5fe8', '2020-11-25 13:19:39.518958', '2020-11-25 13:19:39.518958', 'maint', 'maint', 'field_label', 'system', 0, true, 'Role', 'acl_requires_role', '9323d32c-5bae-4f17-aa0b-5cfdc930d753');
INSERT INTO system.field_label VALUES ('cb4c83f8-775f-46b1-8f70-46b6bc6f4f84', '2020-11-25 13:19:39.545937', '2020-11-25 13:19:39.545937', 'maint', 'maint', 'field_label', 'system', 0, true, 'Group', 'group_membership', '5ac13109-0dd2-4c58-adf9-5c1f98aa941c');
INSERT INTO system.field_label VALUES ('65386fd5-1ebf-4722-8e0e-5f2761d2cc17', '2020-11-25 13:19:39.567827', '2020-11-25 13:19:39.567827', 'maint', 'maint', 'field_label', 'system', 0, true, 'Description', 'ui_action', 'f8d8647b-aba3-4e4d-97ea-52a1fbd7ce69');
INSERT INTO system.field_label VALUES ('6a57b066-5c55-4f9d-965f-0b82983784b4', '2020-11-25 13:19:39.596872', '2020-11-25 13:19:39.596872', 'maint', 'maint', 'field_label', 'system', 0, true, 'Client script', 'ui_action', '540dbd44-6338-4d5f-b59c-eae9351b32e2');
INSERT INTO system.field_label VALUES ('9136d56e-c133-433d-b89a-6e0536db48a4', '2020-11-25 13:19:39.619283', '2020-11-25 13:19:39.619283', 'maint', 'maint', 'field_label', 'system', 0, true, 'Script', 'server_script', '4cc288cb-62e4-4883-8089-c20945d32fd2');
INSERT INTO system.field_label VALUES ('5a00944f-514a-4c4c-b133-dd752702e224', '2020-11-25 13:19:39.766417', '2020-11-25 13:19:39.766417', 'admin', 'admin', 'field_label', 'system', 0, true, 'Update count', 'cost_centre', '08f60d84-3557-48d7-b030-562b43ed7be5');
INSERT INTO system.field_label VALUES ('3c4d7540-beef-4918-b6f2-04dedfe2e384', '2020-11-25 13:19:39.779588', '2020-11-25 13:19:39.779588', 'admin', 'admin', 'field_label', 'system', 0, true, 'Updated', 'task', '6e0c516c-dfc6-4725-9fd4-b4b7b24e290d');
INSERT INTO system.field_label VALUES ('102903df-c957-4729-bde8-ccb0074d247f', '2020-11-25 13:19:39.793459', '2020-11-25 13:19:39.793459', 'admin', 'admin', 'field_label', 'system', 0, true, 'Updated By', 'department', '03c61519-2965-4439-a51f-6b115a97c3e0');
INSERT INTO system.field_label VALUES ('4f828412-b445-4262-b0b4-c4136102e9b5', '2020-11-25 13:19:39.805848', '2020-11-25 13:19:39.805848', 'admin', 'admin', 'field_label', 'system', 0, true, 'GUID', 'location', '5dd3ad3e-87c8-4eee-b295-4a813b712f0c');
INSERT INTO system.field_label VALUES ('07347d24-4088-4549-92d5-8bcc00ee95fa', '2020-11-25 13:19:39.989451', '2020-11-25 13:19:39.989451', 'maint', 'maint', 'field_label', 'system', 0, true, 'Updated', 'ci', '494ad4ac-e94d-4b59-8d98-3719336c02aa');
INSERT INTO system.field_label VALUES ('ac36b21f-ec9f-4519-94d9-83df2561e145', '2020-11-25 13:19:40.005751', '2020-11-25 13:19:40.005751', 'maint', 'maint', 'field_label', 'system', 0, true, 'Updated By', 'hw', '4425fac2-9aed-41ed-b61f-75032bcc68c2');
INSERT INTO system.field_label VALUES ('35d385ee-372d-4500-aae1-f99f685cade1', '2020-11-25 13:19:40.021458', '2020-11-25 13:19:40.021458', 'maint', 'maint', 'field_label', 'system', 0, true, 'GUID', 'hw_computer', '69015f06-6b0b-4ab3-8c7c-2a2ced6b04fb');
INSERT INTO system.field_label VALUES ('6e2d3e10-f15e-4c17-a4df-ea36e0a8abb2', '2020-11-25 13:19:40.162552', '2020-11-25 13:19:40.162552', 'maint', 'maint', 'field_label', 'system', 0, true, 'Class Name', 'incident', 'b6b74853-8510-40ff-a885-cf81fd3c1abb');
INSERT INTO system.field_label VALUES ('60b7a778-fb3d-47b0-91df-39bf49cffc2b', '2020-11-25 13:19:40.180934', '2020-11-25 13:19:40.180934', 'maint', 'maint', 'field_label', 'system', 0, true, 'Created', 'incident_task', '6dfb27db-41f0-481e-a2b2-12da1d82bfd6');
INSERT INTO system.field_label VALUES ('102b79f7-14dd-40bc-8223-934f0b8eb691', '2020-11-25 13:19:40.207096', '2020-11-25 13:19:40.207096', 'maint', 'maint', 'field_label', 'system', 0, true, 'Created By', 'change_task', 'd4ad2065-fcd8-460f-b172-87706d4427a7');
INSERT INTO system.field_label VALUES ('f2acb3e7-8c2c-4965-a509-7a7b44474b63', '2020-11-25 13:19:40.244651', '2020-11-25 13:19:40.244651', 'maint', 'maint', 'field_label', 'system', 0, true, 'Update count', 'sla_definition', 'b9f79856-05e0-4ef8-b977-ef7bc28c0d30');
INSERT INTO system.field_label VALUES ('c207534d-91b6-4e19-92f5-d66cfbc9d3ff', '2020-11-25 13:19:40.25645', '2020-11-25 13:19:40.25645', 'maint', 'maint', 'field_label', 'system', 0, true, 'Created', 'task_sla', '3ff69d33-4ad6-45c4-9f7f-0a028e4e9961');
INSERT INTO system.field_label VALUES ('6f600a60-1465-4c94-bd37-626043d0561a', '2020-11-25 13:19:38.866829', '2020-11-25 13:19:38.866829', 'maint', 'maint', 'field_label', 'system', 0, true, 'Created', 'ui_action', 'd54da982-704a-40ee-bebb-65765425e05b');
INSERT INTO system.field_label VALUES ('e8c084b2-c97f-4da8-a176-81d31a83ff18', '2020-11-25 13:19:38.886577', '2020-11-25 13:19:38.886577', 'maint', 'maint', 'field_label', 'system', 0, true, 'Created By', 'ui_action_requires_role', 'a16ad649-975b-424f-b637-32af293d8387');
INSERT INTO system.field_label VALUES ('8d4201c5-7d1c-4795-8343-c2cc7c23e4cf', '2020-11-25 13:19:39.434593', '2020-11-25 13:19:39.434593', 'maint', 'maint', 'field_label', 'system', 0, true, 'Active', 'dbo', 'a475de5c-f63d-4759-b30a-75dd97e52639');
INSERT INTO system.field_label VALUES ('6d23f717-1967-4a80-bc86-ac39c8034ab1', '2020-11-25 13:19:39.448635', '2020-11-25 13:19:39.448635', 'maint', 'maint', 'field_label', 'system', 0, true, 'Active', 'user', '846e61ce-d6e0-452f-97c7-18424a131937');
INSERT INTO system.field_label VALUES ('4b8ebbf3-6fc0-4e24-9941-5be19fdd161d', '2020-11-25 13:19:39.489449', '2020-11-25 13:19:39.489449', 'maint', 'maint', 'field_label', 'system', 0, true, 'Type', 'dictionary', '5e3ebb49-488f-4e42-ba1f-09dce6fdc547');
INSERT INTO system.field_label VALUES ('a34e335c-6dea-4ecb-afb5-d20549e15d9c', '2020-11-25 13:19:39.512735', '2020-11-25 13:19:39.512735', 'maint', 'maint', 'field_label', 'system', 0, true, 'Type', 'acl', '5ee5d7b2-24e1-4acb-983a-39a3a11cc646');
INSERT INTO system.field_label VALUES ('45e7e7d7-b592-47a9-98ae-a38e0f235ad2', '2020-11-25 13:19:39.530054', '2020-11-25 13:19:39.530054', 'maint', 'maint', 'field_label', 'system', 0, true, 'Table', 'field_label', '2de2e9e7-cf38-4002-967b-62a3b14b1d5d');
INSERT INTO system.field_label VALUES ('a41cd7a5-d913-4918-89fb-7c5f4873bb20', '2020-11-25 13:19:39.585755', '2020-11-25 13:19:39.585755', 'maint', 'maint', 'field_label', 'system', 0, true, 'List context', 'ui_action', '6fd4b600-78a1-48e3-8747-35bd2bb634de');
INSERT INTO system.field_label VALUES ('32baa200-2820-4f00-96d9-0a42176a1795', '2020-11-25 13:19:39.599865', '2020-11-25 13:19:39.599865', 'maint', 'maint', 'field_label', 'system', 0, true, 'Active', 'ui_action_requires_role', '97faea8b-c7c5-4dd7-bfe2-a395ffad946f');
INSERT INTO system.field_label VALUES ('baadbbe6-0a62-4f32-99c6-f032fe65f021', '2020-11-25 13:19:39.620143', '2020-11-25 13:19:39.620143', 'maint', 'maint', 'field_label', 'system', 0, true, 'On', 'server_script', '6ddc0ea6-4063-41fa-8a68-9c27a3fa170e');
INSERT INTO system.field_label VALUES ('f050ead3-06a8-48f2-9272-73c3d6380ccb', '2020-11-25 13:19:39.754491', '2020-11-25 13:19:39.754491', 'admin', 'admin', 'field_label', 'system', 0, true, 'Update count', 'company', '0851c252-43de-4e32-9faa-b46e999339f7');
INSERT INTO system.field_label VALUES ('f7980b63-b94a-4480-b022-21ea6f212059', '2020-11-25 13:19:39.766185', '2020-11-25 13:19:39.766185', 'admin', 'admin', 'field_label', 'system', 0, true, 'Updated', 'cost_centre', 'df9e34cd-36d7-4bcb-8c3d-d33e7044e7b1');
INSERT INTO system.field_label VALUES ('eb8f3bc5-5fda-4892-93cb-24efb89af3ae', '2020-11-25 13:19:39.779377', '2020-11-25 13:19:39.779377', 'admin', 'admin', 'field_label', 'system', 0, true, 'Updated By', 'task', '4e30c2bd-b194-4aa3-9983-e5c4cb3245a9');
INSERT INTO system.field_label VALUES ('9cf3e28c-2c8b-4481-a977-ac8ecffd866d', '2020-11-25 13:19:39.793363', '2020-11-25 13:19:39.793363', 'admin', 'admin', 'field_label', 'system', 0, true, 'Created By', 'department', '9e7bc94a-9a98-4cfa-874d-d5eee0370aa2');
INSERT INTO system.field_label VALUES ('8b7b5dd3-b264-47cf-aa7b-b070e607eb0f', '2020-11-25 13:19:39.987765', '2020-11-25 13:19:39.987765', 'maint', 'maint', 'field_label', 'system', 0, true, 'Updated By', 'ci', 'cb5ca906-a8e4-4c70-ba42-d08d72a55dac');
INSERT INTO system.field_label VALUES ('78f6fd26-0aee-4488-87b3-b6811f7804f3', '2020-11-25 13:19:40.006284', '2020-11-25 13:19:40.006284', 'maint', 'maint', 'field_label', 'system', 0, true, 'Scope', 'hw', 'c33e82db-fe73-4236-a99c-0087740ea3a5');
INSERT INTO system.field_label VALUES ('e03549e6-2049-404e-96c8-061c413ff758', '2020-11-25 13:19:40.022156', '2020-11-25 13:19:40.022156', 'maint', 'maint', 'field_label', 'system', 0, true, 'Scope', 'hw_computer', '4fe489e3-5376-4a90-896d-3c8b75de41bb');
INSERT INTO system.field_label VALUES ('b4cc859f-1069-4321-bfd2-03b9224d9d0c', '2020-11-25 13:19:40.036303', '2020-11-25 13:19:40.036303', 'maint', 'maint', 'field_label', 'system', 0, true, 'Scope', 'application', '12baf487-0243-4e33-8af6-cd2caaa5b107');
INSERT INTO system.field_label VALUES ('6af52904-89f9-4d7a-b733-7286f24c0918', '2020-11-25 13:19:40.16268', '2020-11-25 13:19:40.16268', 'maint', 'maint', 'field_label', 'system', 0, true, 'Update count', 'incident', '4d431096-87f9-4d2f-87c7-ce7866014628');
INSERT INTO system.field_label VALUES ('fedbf0dc-c98d-426c-affb-c0f67b3fffaf', '2020-11-25 13:19:40.181018', '2020-11-25 13:19:40.181018', 'maint', 'maint', 'field_label', 'system', 0, true, 'Updated', 'incident_task', 'cf921a96-574c-4189-80fb-cc7a60a2aeb5');
INSERT INTO system.field_label VALUES ('ed3b4998-dac4-4051-829a-726907f82a72', '2020-11-25 13:19:40.207189', '2020-11-25 13:19:40.207189', 'maint', 'maint', 'field_label', 'system', 0, true, 'Updated By', 'change_task', '9e03c782-e487-4fbf-8951-a796e1178ff9');
INSERT INTO system.field_label VALUES ('357fb0a1-506b-4dbe-bfe5-87011cc8732b', '2020-11-25 13:19:40.225565', '2020-11-25 13:19:40.225565', 'maint', 'maint', 'field_label', 'system', 0, true, 'GUID', 'change', '25626203-b892-4bcb-a1e8-2805c4de984b');
INSERT INTO system.field_label VALUES ('5acbaecb-c22b-4a40-9d23-1ee03d26b5bd', '2020-11-25 13:19:40.256549', '2020-11-25 13:19:40.256549', 'maint', 'maint', 'field_label', 'system', 0, true, 'Updated', 'task_sla', '4fc3bd2f-b8bc-49a3-ad78-6bda2d428891');


--
-- Data for Name: group_contains_role; Type: TABLE DATA; Schema: system; Owner: maint
--

INSERT INTO system.group_contains_role VALUES ('d10b3325-8e17-4eb4-8eb3-8f252a16615e', '2020-11-25 13:19:39.254469', '2020-11-25 13:19:39.254469', 'maint', 'maint', 'group_contains_role', 'system', 0, true, 'd0eb7c1c-ec1c-4929-babe-662d842fb727', 'b948268f-b792-4579-9db8-9012a5b66f65');
INSERT INTO system.group_contains_role VALUES ('18bc14af-fd2b-4e5d-b1e4-2fee3e9e91c3', '2020-11-25 13:19:39.254469', '2020-11-25 13:19:39.254469', 'maint', 'maint', 'group_contains_role', 'system', 0, true, '1e11be62-49f4-476b-9cc8-2a0b4b5e2b9b', '4ba1cd8b-12d9-4e8d-83c2-f1571e23bcfb');


--
-- Data for Name: group_membership; Type: TABLE DATA; Schema: system; Owner: maint
--

INSERT INTO system.group_membership VALUES ('e79e1835-f37e-4636-a4d5-9fc851414aea', '2020-11-25 13:19:39.244547', '2020-11-25 13:19:39.244547', 'maint', 'maint', 'group_membership', 'system', 0, true, 'd0eb7c1c-ec1c-4929-babe-662d842fb727', '8a9cb1ff-6a64-49bd-94fa-e88e2366111f');
INSERT INTO system.group_membership VALUES ('468adec2-b032-4f38-ad6d-b19ea1cc23c3', '2020-11-25 13:19:39.244547', '2020-11-25 13:19:39.244547', 'maint', 'maint', 'group_membership', 'system', 0, true, '5f77a241-e82d-4f0f-b36b-7e1a98efabed', '8a9cb1ff-6a64-49bd-94fa-e88e2366111f');
INSERT INTO system.group_membership VALUES ('cd385f80-74d5-4f6e-9075-19039da11113', '2020-11-25 13:19:39.244547', '2020-11-25 13:19:39.244547', 'maint', 'maint', 'group_membership', 'system', 0, true, '1e11be62-49f4-476b-9cc8-2a0b4b5e2b9b', '0a24d88e-d52a-41d0-ae7d-7f91aa93c524');


--
-- Data for Name: script_library; Type: TABLE DATA; Schema: system; Owner: maint
--



--
-- Data for Name: server_script; Type: TABLE DATA; Schema: system; Owner: maint
--



--
-- Data for Name: ui_action; Type: TABLE DATA; Schema: system; Owner: maint
--

INSERT INTO system.ui_action VALUES ('ca73a6f7-2d02-42c8-a460-b675c3148dcb', '2020-11-25 13:19:39.261558', '2020-11-25 13:19:39.261558', 'maint', 'maint', 'ui_action', 'system', 0, true, 'Save', 'global', true, 100, '', '', true, true, false, false, false, false, false, true, '', 'this.save();');
INSERT INTO system.ui_action VALUES ('704486de-aaaf-4d0a-92b8-1f6eafab616d', '2020-11-25 13:19:39.261558', '2020-11-25 13:19:39.261558', 'maint', 'maint', 'ui_action', 'system', 0, true, 'Copy', 'global', true, 200, '', '', false, true, false, false, false, false, false, true, '', 'this.shallowCopy()');
INSERT INTO system.ui_action VALUES ('c44fff0f-a1e9-49ab-9264-b7325d23851d', '2020-11-25 13:19:39.261558', '2020-11-25 13:19:39.261558', 'maint', 'maint', 'ui_action', 'system', 0, true, 'Copy with Relations', 'global', true, 300, '', '', false, true, false, false, false, false, false, true, '', 'this.copyWithRelations()');


--
-- Data for Name: ui_action_requires_role; Type: TABLE DATA; Schema: system; Owner: maint
--



--
-- Data for Name: user_has_role; Type: TABLE DATA; Schema: system; Owner: maint
--



--
-- Name: migrations_id_seq; Type: SEQUENCE SET; Schema: public; Owner: maint
--

SELECT pg_catalog.setval('public.migrations_id_seq', 1, true);


--
-- PostgreSQL database dump complete
--

